title,location,address,city,state,zip_code,subject,objectid,datebuilt_architect,date,latitude,longitude,architect,filename,rights,format
Bensalem A.M.E. Church / Little Jerusalem A.M.E. Church,Bucks County,1200 Bridgewater Rd.,Bensalem,PA,19020,church,fulldata_01,"ca. 1832; alterations, 1860, 1896",1832;1860;1896,40.0007282,-75.1705032,,https://upload.wikimedia.org/wikipedia/commons/thumb/b/be/BensalemPA_JerusalemAMEChurch.jpg/1920px-BensalemPA_JerusalemAMEChurch.jpg,"By User:Magicpiano - Own work, CC BY-SA 4.0, https://commons.wikimedia.org/w/index.php?curid=19246380",image/jpeg
19th District Police Station,Center City,825 Lombard St.,Philadelphia,PA,19147,police station,fulldata_02,"1908, Bissell & Sinkler",1908,37.8023986,-122.4151506,Bissell & Sinkler,,,
London Coffee House,Center City,Front and Market Sts.,Philadelphia,PA,19106,,fulldata_03,"1702, Charles Reed",1702,39.949809,-75.14413,Charles Reed,https://upload.wikimedia.org/wikipedia/commons/thumb/1/10/The_London_coffee_house_-_THM._LCCN92520160.jpg/1505px-The_London_coffee_house_-_THM._LCCN92520160.jpg,"By Mumford, Thomas Howland, 1816-, engraver - Library of CongressCatalog: https://lccn.loc.gov/92520160Image download: https://cdn.loc.gov/service/pnp/cph/3c00000/3c06000/3c06800/3c06832v.jpgOriginal url: https://www.loc.gov/pictures/item/92520160/, Public Domain, https://commons.wikimedia.org/w/index.php?curid=68136125",image/jpeg
Central Baptist Church Building / New Central Baptist Church Building,Center City,2127-2139 Lombard St.,Philadelphia,PA,19146,church,fulldata_04,"1922, Druckenmiller & Williams; alterations, 1936, Richard R. Neely",1922;1936,44.5383717,-123.3593121,Druckenmiller & Williams;Richard R. Neely,,,
Royal Theater,Center City,1524-1534 South St.,Philadelphia,PA,19146,theater,fulldata_05,"1919, Frank E. Hahn",1919,39.943754,-75.166382,Frank E. Hahn,https://upload.wikimedia.org/wikipedia/commons/thumb/d/d9/RoyalTheaterPhilly.JPG/1600px-RoyalTheaterPhilly.JPG,"By Smallbones - Own work, Public Domain, https://commons.wikimedia.org/w/index.php?curid=9488951",image/jpeg
Pennsylvania Academy of Fine Arts,Center City,118-26 N. Broad St.,Philadelphia,PA,19102,museum; school,fulldata_06,"1872, 1876; Frank Furness",1872;1876;,39.955217,-75.163669,Frank Furness,https://upload.wikimedia.org/wikipedia/commons/thumb/a/ab/Pennsylvania_Academy_of_the_Fine_Arts_building.jpg/1920px-Pennsylvania_Academy_of_the_Fine_Arts_building.jpg,"By Difference engine - Own work, CC BY-SA 4.0, https://commons.wikimedia.org/w/index.php?curid=59390739",image/jpeg
African Episcopal Church of St. Thomas Site #2,Center City,203-209 S. 12th St.,Philadelphia,PA,19107,church,fulldata_07,"1889-1890, Frank Miller",1889;1890,39.9484753,-75.1603797,Frank Miller,https://upload.wikimedia.org/wikipedia/commons/3/30/African_Episcopal_Church_of_St._Thomas.jpg,"By unknown but June 1829 - http://archive.episcopalchurch.org/images/AAM_parchment_photo1829.jpg, Public Domain, https://commons.wikimedia.org/w/index.php?curid=32494834",image/jpeg
Washington Square,Center City,6th and Walnut St.,Philadelphia,PA,19106,park; cemetery,fulldata_08,"1683, 1911; G. Bridgeport, JohnHaviland",1683;1911;,39.990821,-75.168428,"G. Bridgeport, John Haviland",https://upload.wikimedia.org/wikipedia/commons/3/37/Washington_Square_2018.jpg,"By Ii2nmd at English Wikipedia, CC BY-SA 4.0, https://commons.wikimedia.org/w/index.php?curid=75085115",image/jpeg
Mother Bethel A.M.E. Church,Center City,419 S. 6th St.,Philadelphia,PA,19147,church; museum,fulldata_09,"1794; 1889, Hazlehurst & Huckel",1794; 1889,39.943333,-75.151737,Hazlehurst & Huckel,https://upload.wikimedia.org/wikipedia/commons/thumb/3/39/Mother_Bethel_Philly_a.JPG/1920px-Mother_Bethel_Philly_a.JPG,"By Smallbones - Own work, CC0, https://commons.wikimedia.org/w/index.php?curid=31144257",image/jpeg
Durham Public School / Independent Charter School,Center City,1600 Lombard St.,Philadelphia,PA,19146,school,fulldata_10,"1909-1910, Henry deCourcy Richards",1909;1910,39.972633,-75.155743,Henry deCourcy Richards,https://upload.wikimedia.org/wikipedia/commons/thumb/e/ef/Durham_School_in_Philly.JPG/1920px-Durham_School_in_Philly.JPG,"By Smallbones - Own work, Public Domain, https://commons.wikimedia.org/w/index.php?curid=9550522",image/jpeg
Earle Theater,Center City,11th and Market Sts.,Philadelphia,PA,19107,theater,fulldata_11,"1921-1924, Hoffman-Henon Co.; alterations, 1925, 1928, Hoffman-Henon Co.; demolished 1953",1921;1924;1925;1928;1953,39.919528,-75.276247,Hoffman-Henon Co.;Hoffman-Henon Co.,https://upload.wikimedia.org/wikipedia/commons/thumb/1/13/Earle_theater_Philadelphia_1928.jpg/440px-Earle_theater_Philadelphia_1928.jpg,"By York Ice Machinery - Motion Picture News, Public Domain, https://commons.wikimedia.org/w/index.php?curid=95627005",image/jpeg
Chateau Crillon Apartment Building,Center City,222 S. 19th St.,Philadelphia,PA,19103,apartment house,fulldata_12,"1928, Horace Trumbauer (Julian Abele)",1928,39.9418565,-75.165939,Horace Trumbauer (Julian Abele),https://upload.wikimedia.org/wikipedia/commons/thumb/8/8b/Chateau_Crillon_2.JPG/800px-Chateau_Crillon_2.JPG,"By Smallbones - Own work, Public Domain, https://commons.wikimedia.org/w/index.php?curid=9585798",image/jpeg
"Free Library of Philadelphia, Central Branch",Center City,1901 Vine St.,Philadelphia,PA,19103,library,fulldata_13,"ca. 1927, Horace Trumbauer (Julian Abele)",1927,39.95993,-75.170948,Horace Trumbauer (Julian Abele),https://upload.wikimedia.org/wikipedia/commons/thumb/3/31/The_Free_Library_of_Philadelphia.jpg/1920px-The_Free_Library_of_Philadelphia.jpg,"By Nanoman657 - Own work, CC BY-SA 3.0, https://commons.wikimedia.org/w/index.php?curid=15303888",image/jpeg
Hahnemann Medical College Out-patient's Building,Center City,15th St. above Race St.,Philadelphia,PA,19102,,fulldata_14,"ca. 1947, Horace Trumbauer (Julian Abele)",1947,39.990821,-75.168428,Horace Trumbauer (Julian Abele),https://upload.wikimedia.org/wikipedia/commons/thumb/b/b5/History_of_the_Homoeopathic_Medical_College_of_Pennsylvania_-_the_Hahnemann_Medical_College_and_Hospital_of_Philadelphia_%281898%29_%2814577881388%29.jpg/1280px-History_of_the_Homoeopathic_Medical_College_of_Pennsylvania_-_the_Hahnemann_Medical_College_and_Hospital_of_Philadelphia_%281898%29_%2814577881388%29.jpg,"By Internet Archive Book Images - https://www.flickr.com/photos/internetarchivebookimages/14577881388/Source book page: https://archive.org/stream/historyofhomoeop00brad/historyofhomoeop00brad#page/n254/mode/1up, No restrictions, https://commons.wikimedia.org/w/index.php?curid=43675478",image/jpeg
Jefferson Medical College Curtis Building,Center City,1015 Walnut St.,Philadelphia,PA,19107,,fulldata_15,"ca. 1929, Horace Trumbauer (Julian Abele)",1929,39.948773,-75.157591,Horace Trumbauer (Julian Abele),https://upload.wikimedia.org/wikipedia/commons/thumb/0/04/Jefferson_University_College_and_Curtis_Buildings_1025_Walnut_Street.jpg/1024px-Jefferson_University_College_and_Curtis_Buildings_1025_Walnut_Street.jpg?20130530194111,"By Beyond My Ken - Own work, CC BY-SA 4.0, https://commons.wikimedia.org/w/index.php?curid=26408466",image/jpeg
Philadelphia Stock Exchange,Center City,1409 Walnut St.,Philadelphia,PA,19102,stock exchange,fulldata_16,"1911, 1927, Horace Trumbauer (Julian Abele)",1911;1927,39.949649,-75.16673,Horace Trumbauer (Julian Abele),,,
All-Wars Memorial to Black Soldiers,Center City,19th and the Parkway,Philadelphia,PA,19103,monument,fulldata_17,"1934, J. Otto Schweizer",1934,39.9739597,-75.1631341,J. Otto Schweizer,https://upload.wikimedia.org/wikipedia/commons/thumb/d/d1/All_Wars_Memorial_to_Colored_Soldiers_and_Sailors_-_Philadelphia%2C_PA_-_DSC06524.JPG/1024px-All_Wars_Memorial_to_Colored_Soldiers_and_Sailors_-_Philadelphia%2C_PA_-_DSC06524.JPG,"By Daderot - Self-photographed, Public Domain, https://commons.wikimedia.org/w/index.php?curid=17110692",image/jpeg
P.J. Augustine Restaurant,Center City,1105 Walnut St.,Philadelphia,PA,19107,restaurant,fulldata_18,"ca. 1901, J. Stuckert",1901,39.948947,-75.159239,J. Stuckert,,,
Christ Church,Center City,20 N. American St.,Philadelphia,PA,19106,church,fulldata_19,"1727-1754, John Kearsley; numerous alterations",1727;1754,39.9859239,-75.1632481,John Kearsley,https://upload.wikimedia.org/wikipedia/commons/thumb/a/a7/Christ_Church_Phila_crop.JPG/500px-Christ_Church_Phila_crop.JPG,"By PVSBond at English Wikipedia, CC BY-SA 3.0, https://commons.wikimedia.org/w/index.php?curid=18750815",image/jpeg
Shiloh Baptist Church #2 / Church of the Ascension,Center City,1112-1120 Lombard St.,Philadelphia,PA,19147,church,fulldata_20,"ca. 1836; alterations, 1846-1850, John Notman; alterations, 1900, Isaac Pursell; extensive alterations for secular use",1836;1846;1850;1900,39.943947,-75.159541,John Notman;Isaac Pursell,,,
Philadelphia Knights of Pythias,Center City,19th and Addison Sts.,Philadelphia,PA,19146,,fulldata_21,"1923, Lackman & Murphy",1923,39.990821,-75.168428,Lackman & Murphy,https://upload.wikimedia.org/wikipedia/commons/6/66/GreenwoodSign.jpg,"By BillFlis - Own work, Public Domain, https://commons.wikimedia.org/w/index.php?curid=5658134",image/jpeg
Arch Street Friends Meeting House,Center City,302-338 Arch St.,Philadelphia,PA,19106,church,fulldata_22,"1804, O. Biddle",1804,39.9447626,-75.1674205,O. Biddle,https://upload.wikimedia.org/wikipedia/commons/thumb/a/ab/Arch_Street_Friends_Meeting_House_%2853572939205%29.jpg/2560px-Arch_Street_Friends_Meeting_House_%2853572939205%29.jpg,"By ajay_suresh - Arch Street Friends Meeting House, CC BY 2.0, https://commons.wikimedia.org/w/index.php?curid=146141631",image/jpeg
Engine 11 Fire Station,Center City,1016-18 South St.,Philadelphia,PA,19147,fire station,fulldata_23,"ca. 1902, Philip Johnson",1902,39.942643,-75.159251,Philip Johnson,https://upload.wikimedia.org/wikipedia/commons/a/ab/Engine_11_%28145711785%29.jpeg,"By Jason Knauer - Imported from 500px (archived version) by the Archive Team. (detail page), CC BY 3.0, https://commons.wikimedia.org/w/index.php?curid=84709460",image/jpeg
Standard Theater,Center City,1124-8 South St.,Philadelphia,PA,19147,theater,fulldata_24,"alterations, 1889, Rowe & Dagit; alterations, 1892, A. Wade",1889;1892,39.943754,-75.166382,Rowe & Dagit;A. Wade,https://upload.wikimedia.org/wikipedia/commons/thumb/8/8c/Gibson%27s_New_Standard_Theatre_Philadelphia_PA_%281919%29.jpg/792px-Gibson%27s_New_Standard_Theatre_Philadelphia_PA_%281919%29.jpg,"By Editor-in-Chief Clement Richardson - The National Cyclopedia of the Colored Race, Editor-in-Chief Clement Richardson (1919) National Publishing Co., Inc. Montgomery AL (https://archive.org/details/nationalcycloped01richrich/page/n4), Public Domain, https://commons.wikimedia.org/w/index.php?curid=83211989",image/jpeg
"Allen Chapel / Phillips Brooks Chapel / ""St. Phillip's Church""",Center City,1923-27 Lombard St.,Philadelphia,PA,19146,church,fulldata_25,"ca. 1873; substantial alterations or re-building, ca. 1930, Thomas Early",1873;1930,39.9525122,-75.1717416,Thomas Early,,,
St. Peter Claver Roman Catholic Church / Fourth Presbyterian Church,Center City,1200-1210 Lombard St.,Philadelphia,PA,19147,church,fulldata_26,"1841-1842, Thomas Ustick Walter; alterations and rectory, 1895, E. F. Durang",1841;1842;1895,39.943947,-75.159541,Thomas Ustick Walter;E. F. Durang,https://upload.wikimedia.org/wikipedia/commons/thumb/0/00/St_Peter_Claver_Catholic_Church_Historical_Marker_1200_Lombard_St_Philadelphia_PA_%28DSC_3200%29.jpg/1920px-St_Peter_Claver_Catholic_Church_Historical_Marker_1200_Lombard_St_Philadelphia_PA_%28DSC_3200%29.jpg?20191120212640,"By Nick-philly - Own work, CC BY-SA 4.0, https://commons.wikimedia.org/w/index.php?curid=84184051",image/jpeg
Grand United Order of Odd Fellows,Center City,1201 Spruce St.,Philadelphia,PA,19107,office building,fulldata_27,"1906, Watson & Huckel",1906,39.946767,-75.161127,Watson & Huckel,,,
Central Presbyterian Church / Lombard Street Central Presbyterian Church Building #1,Center City,832-836 Lombard St.,Philadelphia,PA,19147,church,fulldata_28,"ca. 1845, William L. Johnston",1845,39.9404889,-75.17214,William L. Johnston,,,
St. Paul Church / Mask and Wig Club,Center City,312 S. Quince St.,Philadelphia,PA,19107,church,fulldata_29,"ca. 1834; alterations, 1843-1853; alterations, 1894, 1903, Wilson Eyre",1834;1843;1853;1894;1903,39.94644,-75.160266,Wilson Eyre,https://upload.wikimedia.org/wikipedia/commons/4/4f/Mask%26Wig.jpg,"By George A. Eisenman, HABS photographer - Library of Congress, Historic American Buildings Survey, HABS PA,51-PHILA,551-1, Public Domain, https://commons.wikimedia.org/w/index.php?curid=7878092",image/jpeg
A. M. E. Book Concern,Center City,631 Pine St.,Philadelphia,PA,19106,,fulldata_30,,,39.944173,-75.1529647,,https://upload.wikimedia.org/wikipedia/commons/thumb/0/09/A_M_E_Book_Concern_Historical_Marker_631_Pine_St_Philadelphia_PA_%28DSC_3438%29.jpg/1920px-A_M_E_Book_Concern_Historical_Marker_631_Pine_St_Philadelphia_PA_%28DSC_3438%29.jpg?20191120212629,"By Nick-philly - Own work, CC BY-SA 4.0, https://commons.wikimedia.org/w/index.php?curid=84184041",image/jpeg
African Episcopal Church of St. Thomas Site #1,Center City,5th St. and St. James St.,Philadelphia,PA,19106,church,fulldata_31,ca. 1794,1794,47.6033143,-122.3286976,,,,
Afro-American Insurance Company,Center City,"159, 529 Lombard St.",Philadelphia,PA,19147,,fulldata_32,,,41.3146184,-72.9019218,,,,
Armstrong Association of Philadelphia,Center City,1508 Lombard St.,Philadelphia,PA,19146,,fulldata_33,ca. 1860,1860,48.159863,-122.520964,,,,
Association Hall,Center City,15th and Chestnut Sts.,Philadelphia,PA,19102,hall,fulldata_34,,,39.9755294,-75.1468485,,,,
Augustine Society Seminary,Center City,6th and Addison Sts.,Philadelphia,PA,19147,school,fulldata_35,,,39.943243,-75.1682641,,,,
Beneficial Hall,Center City,600 block Lombard St.,Philadelphia,PA,19147,hall,fulldata_36,,,39.9464341,-75.1473536,,,,
Benezet's School / Quaker African School House,Center City,Willings Alley,Philadelphia,PA,19106,school,fulldata_37,,,40.0991261,-74.9235652,,https://3.bp.blogspot.com/-NgI-bzgqzpw/UJ_Idk6d7nI/AAAAAAAAFHY/pjn7LXQ99dw/s400/Locust+lot.jpg,,image/jpeg
Benjamin Banneker Institute,Center City,409 S. 11th St.,Philadelphia,PA,19147,,fulldata_38,,,39.963052,-75.198687,,https://img.geocaching.com/waymarking/log/display/82f8fd54-d7ff-478f-835c-62a06c8598ec.jpg,,image/jpeg
Bethel Home for Fallen Women,Center City,near 6th and Lombard Sts.,Philadelphia,PA,19147,,fulldata_39,,,40.436229,-122.4210333,,,,
Broad Street USO / Stage Door Canteen,Center City,500 S. Broad St.,Philadelphia,PA,19146,,fulldata_40,,,40.0467725,-75.1927263,,,,
Brown and Stevens Bank,Center City,Broad and Lombard Sts.,Philadelphia,PA,19147,bank,fulldata_41,,,39.9439924,-75.161052,,,,
"C. Henry Wilson, II Office",Center City,1130 Lombard St.,Philadelphia,PA,19147,office building,fulldata_42,,,40.0132116,-75.0847266,,,,
California House,Center City,6th and Lombard Sts.,Philadelphia,PA,19147,hotel; tavern,fulldata_43,,,40.0283738,-75.1777485,,,,
Central Baptist Church Building / Pitman M.E. Church Building Site,Center City,409 S. 23rd St.,Philadelphia,PA,19146,church,fulldata_44,,,39.9507932,-75.144277,,,,
Citizens and Southern Bank,Center City,1849 South St.,Philadelphia,PA,19146,bank,fulldata_45,,,39.9419831,-75.1662805,,,,
Citizens Republican Club,Center City,422 S. 15th St.,Philadelphia,PA,19146,,fulldata_46,,,40.0480366,-75.1812138,,,,
College Settlement / W. E. B. DuBois House,Center City,617 Rodman St.,Philadelphia,PA,19147,settlement house,fulldata_47,,,39.964834,-75.143959,,,,
Colored Industrial School,Center City,20th below Walnut St.,Philadelphia,PA,,school,fulldata_48,,,39.9400207,-75.1799257,,,,
Cyrus Bustill Business,Center City,210 Arch St.,Philadelphia,PA,19106,bakery,fulldata_49,,,39.9553365,-75.1946097,,,,
Douglass Hotel (Billie Holiday Residence),Center City,1409-1411 Lombard St.,Philadelphia,PA,19146,hotel,fulldata_50,1926,1926,39.9616479,-75.2022775,,,,
Dunbar Theater / Lincoln Theater,Center City,Broad and Lombard Streets.,Philadelphia,PA,19146,theater,fulldata_51,,,37.9365752,-87.8768004,,https://upload.wikimedia.org/wikipedia/commons/thumb/f/f4/The_Dunbar_Theatre_Historical_Marker_Southwest_Corner_Broad_and_Lombard_Streets_Philadelphia_PA_%28DSC_3182%29.jpg/1920px-The_Dunbar_Theatre_Historical_Marker_Southwest_Corner_Broad_and_Lombard_Streets_Philadelphia_PA_%28DSC_3182%29.jpg?20191101210248,"By Nick-philly - Own work, CC BY-SA 4.0, https://commons.wikimedia.org/w/index.php?curid=83579365",image/jpeg
Dutrieuille Catering,Center City,108 S. 18th St.,Philadelphia,PA,19103,caterer,fulldata_52,,,39.988316,-75.1802249,,,,
Elizabeth Taylor Greenfield Studio,Center City,1013 Rodman St.,Philadelphia,PA,19147,,fulldata_53,,,39.94321,-75.158547,,,,
Female Anti-Slavery Society,Center City,107 N. 5th St.,Philadelphia,PA,19106,,fulldata_54,,,39.966843,-75.145813,,https://hsp.org/sites/default/files/pas.jpg,,image/jpeg
First African Baptist Church Cemetery,Center City,8th and Vine Sts.,Philadelphia,PA,19106,cemetery,fulldata_55,1796,1796,39.990821,-75.168428,,,,
First African Baptist Church Site #2 / Cherry Street Baptist Church / Cherry Memorial Baptist Church,Center City,1025-1027 Cherry St.,Philadelphia,PA,19107,church,fulldata_56,,,39.963113,-75.229813,,,,
Forten School,Center City,6th and Addison Sts.,Philadelphia,PA,19147,school,fulldata_57,,,39.933744,-75.161795,,,,
"Francis ""Frank"" Johnson House",Center City,536 Pine St.,Philadelphia,PA,19106,dwelling,fulldata_58,,,39.943647,-75.151791,,,,
Fraunces Tavern,Center City,310 S. 2nd St.,Philadelphia,PA,19106,tavern,fulldata_59,,,39.949917,-75.143742,,,,
Frederick Douglass Memorial Hospital,Center City,1512 or 1522 Lombard St.,Philadelphia,PA,19146,hospital,fulldata_60,,,39.990821,-75.168428,,https://upload.wikimedia.org/wikipedia/commons/thumb/e/e3/Frederick_Douglass_Memorial_Hospital_Historical_Marker_1526_Lombard_St_Philadelphia_PA_%28DSC_4426%29_%28cropped%29.jpg/898px-Frederick_Douglass_Memorial_Hospital_Historical_Marker_1526_Lombard_St_Philadelphia_PA_%28DSC_4426%29_%28cropped%29.jpg?20240229041440,"By NMGiovannucci - Own work, CC BY-SA 4.0, https://commons.wikimedia.org/w/index.php?curid=145928725",image/jpeg
Free African Society,Center City,6th and Lombard Sts.,Philadelphia,PA,19147,,fulldata_61,,,39.94258,-75.149553,,https://hsp.org/sites/default/files/legacy_files/migrated/richardallenabsolomjones_half.jpg,,image/jpeg
George Burrell House,Center City,1309 Lombard St.,Philadelphia,PA,19147,dwelling,fulldata_62,,,39.943947,-75.159541,,,,
George White House,Center City,1118 Rodman St,Philadelphia,PA,19147,dwelling,fulldata_63,,,39.943454,-75.160832,,,,
Gertrude E. H. Bustill Mossell House,Center City,1423 Lombard St.,Philadelphia,PA,19146,dwelling,fulldata_64,,,39.943947,-75.159541,,,,
Gil Ball Saloon,Center City,700 or 720 Lombard St.,Philadelphia,PA,19107,tavern,fulldata_65,,,39.990821,-75.168428,,,,
Gilbert Lyceum,Center City,,Philadelphia,PA,,lyceum,fulldata_66,,,39.990821,-75.168428,,,,
Grace Church Site,Center City,1518-1520 Lombard St.,Philadelphia,PA,19146,church,fulldata_67,,,39.943947,-75.159541,,,,
Grendel's Lair,Center City,500 South St.,Philadelphia,PA,19147,,fulldata_68,,,39.941747,-75.150875,,https://digital.library.temple.edu/digital/api/singleitem/image/p15037coll3/190/default.jpg?highlightTerms=Grendel%27s%20Lair,,image/jpeg
Henry Black House,Center City,612 Delancey St.,Philadelphia,PA,19106,dwelling,fulldata_69,,,39.954417,-75.229119,,,,
Historic St. George's Methodist Church,Center City,235 N. 4th St.,Philadelphia,PA,19106,church,fulldata_70,"1767, 1812",1767;1812,39.992082,-75.138301,,https://tile.loc.gov/storage-services/service/pnp/habshaer/pa/pa0800/pa0801/photos/139825pv.jpg,,image/jpeg
Home for the Homeless,Center City,708 Lombard St.,Philadelphia,PA,19147,,fulldata_71,,,39.94312,-75.15404,,,,
J. M. Palmer Memorial A.M.E.,Center City,22nd at South St.,Philadelphia,PA,19146,church,fulldata_72,,,39.990821,-75.168428,,,,
Jackson's Manufactory,Center City,Walnut above 10th St.,Philadelphia,PA,19107,caterer,fulldata_73,,,39.990821,-75.168428,,,,
"Jacob C. White, Jr. House",Center City,1032 Lombard St.,Philadelphia,PA,19147,dwelling,fulldata_74,,,39.943947,-75.159541,,,,
"James Forten, Sr. House / Charlotte Forten House",Center City,336 Lombard St.,Philadelphia,PA,19147,dwelling,fulldata_75,,,39.943947,-75.159541,,"https://www.philadelphiabuildings.org/pab/iiif.cfm/B9796182-2673-4873-882EF7873612AAA1/full/!600,600/0/default.jpg",,image/jpeg
Jean Pierre Burr House,Center City,5th and Spruce Sts.,Philadelphia,PA,19106,dwelling,fulldata_76,,,39.990821,-75.168428,,,,
John W. Simpson House,Center City,420 S. 7th St.,Philadelphia,PA,19147,dwelling,fulldata_77,ca. 1803,1803,39.930818,-75.156423,,,,
Joseph & Amy Cassey House,Center City,"S 4th St., between Chestnut and Market Sts.",Philadelphia,PA,19106,dwelling,fulldata_78,,,39.990821,-75.168428,,,,
Liberation of Jane Johnson,Center City,211 S. Columbus Blvd.,Philadelphia,PA,19106,,fulldata_79,,,39.990821,-75.168428,,https://npgallery.nps.gov/GetAsset/2d7bad29-73e1-4518-9753-e9ffcd3da775/proxyhires?,,image/jpeg
Liberty Bell,Center City,Independence Mall,Philadelphia,PA,19106,bell,fulldata_80,,,39.990821,-75.168428,,,,
Liberty Hall,Center City,715-717 Lombard St.,Philadelphia,PA,19147,hall,fulldata_81,,,39.943947,-75.159541,,,,
Lombard Street Riot,Center City,6th & Lombard,Philadelphia,PA,19147,,fulldata_82,n/a,,39.94258,-75.149553,,https://philadelphiaencyclopedia.org/wp-content/uploads/2013/05/RiotIllustration.jpg,,image/jpeg
Mayor Richardson Dilworth House,Center City,223-225 S. 6th St.,Philadelphia,PA,19106,dwelling,fulldata_83,,,39.949982,-75.150576,,,,
Meta V. Warrick Fuller House,Center City,254 S. 12th St.,Philadelphia,PA,19107,dwelling,fulldata_84,ca. 1840,1840,39.947046,-75.161209,,,,
Octavia Hill Association,Center City,619 South St.,Philadelphia,PA,19147,,fulldata_85,ca. 1850-1880,1850;1880,39.942242,-75.153008,,,,
Octavius V. Catto House Site,Center City,814 South St.,Philadelphia,PA,19147,dwelling,fulldata_86,demolished ca. 1990,1990,39.942303,-75.156023,,https://ids.si.edu/ids/deliveryService?id=NPG-NPG_2006_8CattoM-000001,,image/jpeg
Octavius V. Catto School Building #2,Center City,2028-2038 Lombard St.,Philadelphia,PA,19146,school,fulldata_87,,,39.943947,-75.159541,,https://upload.wikimedia.org/wikipedia/commons/1/1c/Octavius_V_Catto_Secondary_School_Colored_Lombard_Street_above_Twentieth_Philadelphia_PA_%281897%29.jpg,"By Burk & McFetridge - The Public Schools of Philadelphia: Historical, Biographical, Statistical by John Trevor Custis, Burk & McFetridge Co. Publisher, 1897 (https://archive.org/details/publicschoolsph00custgoog/), Public Domain, https://commons.wikimedia.org/w/index.php?curid=83085831",image/jpeg
ODUNDE Festival,Center City,23rd and South Sts.,Philadelphia,PA,19146,,fulldata_88,,,39.990821,-75.168428,,https://images.radio.com/aiu-media/7A0253-7ddd7024-b7ad-4e3e-bdf4-36c8124a96bd.jpg?width=800,,image/jpeg
Ohio Street School / Colored Unclassified School / Octavius V. Catto School Site #1,Center City,South St. above 10th,Philadelphia,PA,19147,school,fulldata_89,,,39.990821,-75.168428,,,,
Old St. Joseph's Church,Center City,321 Willings Alley,Philadelphia,PA,19106,church,fulldata_90,"ca. 1839; alterations 1851, 1894",1839;1851;1894,39.946819,-75.147592,,,,
Pennsylvania Abolition Society,Center City,"Front St., below Chestnut St.",Philadelphia,PA,19106,,fulldata_91,,,39.990821,-75.168428,,https://www.blackpast.org/wp-content/uploads/The-Pennsylvania-Abolition-Societry-Executive-Committee-Sophia-Smith-Collection-Smith-College.jpg,,image/jpeg
Pennsylvania Hall,Center City,6th and Haines Sts.,Philadelphia,PA,,hall,fulldata_92,1838; burned 1838,1838;1838,39.990821,-75.168428,,https://upload.wikimedia.org/wikipedia/commons/c/c8/Pennsylvania_Hall_%28Philadelphia%29.jpg,"By History of Pennsylvania Hall (Phila.: Mayhew and Gunn, 1838) - http://www.pfj-maritime.com/web/TheTeam/StephenPayne.aspx, Public Domain, https://commons.wikimedia.org/w/index.php?curid=22029410",image/jpeg
Philadelphia International Records,Center City,309 S. Broad St. #1,Philadelphia,PA,19107,,fulldata_93,,,39.919677,-75.170799,,,,
Philadelphia Pittsburgh Courier Offices,Center City,532 S. 15th St.,Philadelphia,PA,19146,,fulldata_94,,,39.944018,-75.167349,,,,
Philadelphia Tribune,Center City,522 S. 16th St.,Philadelphia,PA,19146,newspaper,fulldata_95,,,39.912384,-75.175282,,,,
Public Market / Market House,Center City,Market St. (Front to 9th Sts.),Philadelphia,PA,,market,fulldata_96,,,39.951207,-75.156414,,,,
Public Markets,Center City,N. 2nd St.,Philadelphia,PA,,market,fulldata_97,,,39.977244,-75.137902,,,,
Public Markets,Center City,S. 11th St.,Philadelphia,PA,,market,fulldata_98,,,39.90258,-75.169012,,,,
Public Markets,Center City,South St.,Philadelphia,PA,,market,fulldata_99,,,39.943754,-75.166382,,,,
Raspberry Street School,Center City,S. Hutchinson St.,Philadelphia,PA,19107,school,fulldata_100,,,39.9197,-75.16314,,,,
Ritz-Carlton Hotel / Girard Trust Company Building,Center City,28-48 S. Broad St.,Philadelphia,PA,19102,hotel; office building,fulldata_101,,,39.919677,-75.170799,,,,
Robert Bogle Catering Establishment,Center City,112 S. 8th St.,Philadelphia,PA,19107,caterer,fulldata_102,,,39.94909,-75.15425,,https://libwww.freelibrary.org/images/blog/FLPBlog/resized/bogle-portrait.png,,image/jpeg
Robert Mara Adger House,Center City,823 South St.,Philadelphia,PA,19147,dwelling,fulldata_103,,,39.943754,-75.166382,,https://i.pinimg.com/originals/d0/e4/cb/d0e4cb08475f423afd6860cb029abb25.jpg,,image/jpeg
Robert Morris House / President's House,Center City,526-530 Market St.,Philadelphia,PA,19106,dwelling,fulldata_104,1767; rebuilt in 1781 after a fire; demolished 1833,1767;1781;1833,39.961497,-75.237187,,,,
Second African Presbyterian Church,Center City,619-631 Rodman St.,Philadelphia,PA,19147,church,fulldata_105,,,39.94321,-75.158547,,,,
Sigma Sound Recording Studios,Center City,212 N. 12th St.,Philadelphia,PA,19107,,fulldata_106,,,40.034767,-75.141794,,,,
St. Mark A.M.E. Church,Center City,19th below Lombard St.,Philadelphia,PA,19146,church,fulldata_107,,,39.990821,-75.168428,,,,
St. Mary's Mission for Colored People,Center City,1623-9 Lombard St.,Philadelphia,PA,19146,,fulldata_108,,,39.943947,-75.159541,,,,
St. Stephen A.M.E. Church,Center City,9th and Lombard Sts.,Philadelphia,PA,19147,church,fulldata_109,,,39.990821,-75.168428,,,,
Starr Park / Kitchens,Center City,6th and Lombard Sts.,Philadelphia,PA,19147,,fulldata_110,,,39.94258,-75.149553,,,,
Thaddeus Kosciuszko House / Kosciuszko National Memorial,Center City,301-303 Pine St.,Philadelphia,PA,19106,dwelling,fulldata_111,1750-1780,1750;1780,39.953331,-75.224626,,"https://www.philadelphiabuildings.org/pab/iiif.cfm/1D746F8D-FB59-4B31-9E5C77255C703DC0/full/400,/0/default.jpg",,image/jpeg
The African American Museum in Philadelphia,Center City,701 Arch St.,Philadelphia,PA,19106,museum,fulldata_112,ca. 1976,1976,39.953287,-75.151841,,,,
Thomas J. Dorsey House,Center City,1231 Locust St.,Philadelphia,PA,19107,dwelling,fulldata_113,ca. 1840; demolished 1989,1840;1989,39.947559,-75.159255,,,,
Union Baptist Church Site,Center City,"600 block Addison St., south side, mid-block",Philadelphia,PA,19147,church,fulldata_114,,,39.990821,-75.168428,,,,
"Union Methodist (""Little Union"") Church Site",Center City,632 Addison St.,Philadelphia,PA,19147,church,fulldata_115,,,39.944202,-75.158951,,,,
"Wesley (""Little"" Wesley) Church Site",Center City,515-519 S. Randolph St.,Philadelphia,PA,19147,church,fulldata_116,,,39.913744,-75.157759,,,,
Wesley A.M.E. Zion Church,Center City,1500-1504 Lombard St.,Philadelphia,PA,19146,church,fulldata_117,"1925, 1926",1925;1926,39.943947,-75.159541,,https://upload.wikimedia.org/wikipedia/commons/thumb/e/eb/Wesley_AME_Zion_Philly.JPG/1920px-Wesley_AME_Zion_Philly.JPG,,image/jpeg
Wesley A.M.E. Zion Church Site,Center City,521-527 Lombard St.,Philadelphia,PA,19147,church,fulldata_118,,,39.943947,-75.159541,,,,
William Dorsey House,Center City,206 S. Camac St.,Philadelphia,PA,19107,dwelling,fulldata_119,,,39.948298,-75.16157,,,,
William J. Robinson Office,Center City,1520 Lombard St.,Philadelphia,PA,19146,office building,fulldata_120,,,39.943947,-75.159541,,,,
William Minton House,Center City,1100 Rodman St.,Philadelphia,PA,19147,dwelling,fulldata_121,,,39.94321,-75.158547,,,,
William S. Whipper House,Center City,919 Lombard St.,Philadelphia,PA,19147,dwelling,fulldata_122,,,39.94387,-75.157506,,,,
William Still House,Center City,244 S. 12th St.,Philadelphia,PA,19107,dwelling,fulldata_123,,,39.932836,-75.164046,,,,
YMCA,Center City,12th and Lombard Sts.,Philadelphia,PA,19147,young men's Christian association,fulldata_124,,,39.990821,-75.168428,,,,
Eden Cemetery,Delaware County,1434 Springfield Rd.,Collingdale,PA,19023,cemetery,fulldata_125,1902,1902,39.915559,-75.277844,,,,
Sun Shipbuilding Company,Delaware County,PA-291 and Harrah's Blvd.,Chester,PA,19013,,fulldata_126,1916,1916,39.840512,-75.374121,,,,
Stenton,North,4601 N. 18th St.,Philadelphia,PA,19140,dwelling; museum,fulldata_127,"1728, James Logan",1728,39.959647,-75.168607,"1728, James Logan",,,
Mount Tabor A.M.E. Church / Second Baptist Church,North,961-971 N. 7th St.,Philadelphia,PA,19123,church,fulldata_128,Addison Hutton,,39.966097,-75.148955,Addison Hutton,,,
St. Paul Church / Christ Evangelical Church Building,North,948-952 N. 8th St.,Philadelphia,PA,19123,church,fulldata_129,"before 1875; alterations, 1910, Benjamin Rush Stevens",1875;1910,40.050851,-75.132191,Benjamin Rush Stevens,,,
Pyramid Temple No. 1 Prince Hall,North,1521-1523 W. Girard Ave.,Philadelphia,PA,19130,masonic building,fulldata_130,"ca. 1921-1924, Carl Berger",1921;1924,39.975397,-75.190255,Carl Berger,,,
The Legendary Blue Horizon,North,1314 N. Broad St.,Philadelphia,PA,19121,clubhouse; dwelling; hall,fulldata_131,"ca. 1865, Carl P. Berger",1865,39.973843,-75.159503,Carl P. Berger,,,
Zoar United Methodist Church,North,1204 Melon St.,Philadelphia,PA,19123,church,fulldata_132,"1883; alterations, 1925-1926, Charles Gilmore",1883;1925;1926,39.96672,-75.165197,Charles Gilmore,,,
Church of the Advocate,North,1801 W. Diamond St.,Philadelphia,PA,19121,church,fulldata_133,"1891, 1897,  Charles M. Burns",1891;1897,39.9410541,-75.1664937,Charles M. Burns,https://billypenn.com/wp-content/uploads/2019/10/churchoftheadvocate-02crop-1024x576.jpg,,image/jpeg
North Penn Baptist Church,North,2419-2425 N. 27th St.,Philadelphia,PA,19132,church,fulldata_134,"ca. 1911, Charles Wells",1911,39.985261,-75.177145,Charles Wells,,,
Greater Exodus Baptist Church / Our Lady of Blessed Sacrament / Central Presbyterian Church,North,708-714 N. Broad St.,Philadelphia,PA,19130,church,fulldata_135,"ca. 1877, Collins Autenreith",1877,40.010581,-75.150898,Collins Autenreith,https://1.bp.blogspot.com/-B9RqF2W50Sk/XQSjxqw1jrI/AAAAAAAAouQ/wJHHBWrYZTUd6sE0d1nuhOI5OSmRe5BDgCLcBGAs/s640/MediaStream%2B%25281%2529.jpg,,image/jpeg
Uptown Theater,North,2240 N. Broad St.,Philadelphia,PA,19132,theater,fulldata_136,"1927, 1929, E. Magiziner, H. Magiziner",1927;1929,39.987403,-75.15652,E. Magiziner; H. Magiziner,https://cdn10.phillymag.com/wp-content/uploads/sites/3/2021/09/Uptown-theater-lede.jpg,,image/jpeg
Morris Brown A.M.E. Church / Bethany Lutheran Church,North,1754-1756 N. 25th St.,Philadelphia,PA,19121,church,fulldata_137,"1885, Frank Miller",1885,39.989742,-75.173784,Frank Miller,,,
St. Augustine Church of the Covenant,North,2701 W. Girard Ave.,Philadelphia,PA,19130,church,fulldata_138,"1888, Frank Watson",1888,39.974434,-75.180653,Frank Watson,,,
Richard Allen Homes,North,"10th-12th, Fairmount-Poplar",Philadelphia,PA,19123,housing development,fulldata_139,"1939-1941, George Ignatius Lovatt, Sr., John Sinkler; demolished and replaced with lower-density housing",1939;1941,40.078105,-75.21613,"George Ignatius Lovatt, Sr.; John Sinkler",,,
Jones Tabernacle A.M.E. Church / Union Methodist Episcopal Church,North,2019 W. Diamond St.,Philadelphia,PA,19121,church,fulldata_140,"1888, Hazelhurst & Huckel",1888,39.987156,-75.175417,Hazelhurst & Huckel,,,
Nazarene Baptist Church Building #1,North,1462 W. Lycoming St.,Philadelphia,PA,19140,church,fulldata_141,"1916-1917, Henry Dehoff",1916;1917,40.015035,-75.146862,Henry Dehoff,,,
North Broad Street Station,North,2545-2599 N. Broad St.,Philadelphia,PA,19132,railroad station,fulldata_142,"1928, Horace Trumbauer (Julian Abele)",1928,40.010581,-75.150898,Horace Trumbauer (Julian Abele),,,
Peter A. B. Widener Mausoleum (Laurel Hill Cemetery),North,3822 Ridge Ave.,Philadelphia,PA,19132,mausoleum,fulldata_143,"mausoleum ca. 1915, Horace Trumbauer (Julian Abele)",1915,39.96086,-75.156768,Horace Trumbauer (Julian Abele),https://en.wikipedia.org/wiki/Peter_Arrell_Browne_Widener#/media/File:Peter_Widener_Mausoleum.jpg,,image/jpeg
Philadelphia Museum of Art,North,2600 Benjamin Franklin Parkway,Philadelphia,PA,19130,museum,fulldata_144,"1919, Horace Trumbauer (Julian Abele)",1919,39.965583,-75.180989,Horace Trumbauer (Julian Abele),,,
Philadelphia YMCA (North Branch),North,1007 W. Lehigh Ave.,Philadelphia,PA,19133,young men's Christian association,fulldata_145,"ca. 1912, Horace Trumbauer (Julian Abele)",1912,39.993528,-75.14831,Horace Trumbauer (Julian Abele),,,
Ebenezer Baptist Church Building,North,2259 N. 10th St.,Philadelphia,PA,19133,church,fulldata_146,"1904, Isaac Pursell",1904,39.9307756,-75.1706192,Isaac Pursell,,,
Philadelphia Manual Training School,North,17th and Wood Sts.,Philadelphia,PA,19103,school,fulldata_147,"1868, James Charles Sidney; alterations, 1886, 1895",1868;1886;1895,39.990821,-75.168428,James Charles Sidney,,,
New Apostolic Church of North America,North,K & E. Cayuga Sts.,Philadelphia,PA,19124,church,fulldata_148,James Plater,,40.014036,-75.079067,James Plater,,,
Supreme Liberty Life Insurance Office,North,1637 N. Broad St.,Philadelphia,PA,19122,,fulldata_149,"ca. 1949, James Plater",1949,40.010581,-75.150898,James Plater,,,
U.S. Post Office (Philadelphia),North,Germantown Ave. and Luzerne St.,Philadelphia,PA,19140,post office,fulldata_150,James Plater,,39.990821,-75.168428,James Plater,,,
United Sports Club,North,22nd and Clearfield St.,Philadelphia,PA,19132,,fulldata_151,"ca. 1940, James Plater",1940,39.990821,-75.168428,James Plater,,,
Nazarene Baptist Church Building #2,North,3975 Germantown Ave.,Philadelphia,PA,19140,church,fulldata_152,"1994-1996, Madison Design Group",1994;1996,39.973054,-75.141599,Madison Design Group,,,
Miller Memorial Baptist Church,North,1518 N. 22nd St.,Philadelphia,PA,19121,church,fulldata_153,"1923-1926, Neely & Martin",1923;1926,39.969626,-75.173848,Neely & Martin,,,
Wayland Temple Baptist Church / Columbia Avenue Methodist Church,North,2500 Cecil B. Moore Ave.,Philadelphia,PA,19121,church,fulldata_154,"1888, Oscar Frotscher; alterations, 1916, George Savage",1888;1916,39.980753,-75.175932,Oscar Frotscher;George Savage,https://digital.librarycompany.org/islandora/object/digitool%3A97555/datastream/TN/view?solr_nav%5Bid%5D=13ab8e35ada705663cae&solr_nav%5Bpage%5D=0&solr_nav%5Boffset%5D=0,,image/jpeg
B.M. Oakley Memorial Temple / Trinity Reformed Church,North,1535 N. 7th St.,Philadelphia,PA,19122,church,fulldata_155,"1869, Samuel Sloan",1869,39.9420788,-75.1614584,Samuel Sloan,,,
Zion Baptist Church / St. Paul Reformed Church / Trinity Reformed Church,North,3600 N. Broad St.,Philadelphia,PA,19140,church,fulldata_156,"1904, Stearns & Castor; alterations, 1914, Stearns & Castor; alterations, 1973, Eshbach, Glass, Kale & Associates",1904;1914;1973,40.007963,-75.152024,"Stearns & Castor;Stearns & Castor;Eshbach, Glass, Kale & Associates",https://hiddencityphila.org/wp-content/uploads/2018/08/Zion-Baptist-1.jpg,,image/jpeg
Freedom Theatre,North,1346 N. Broad St.,Philadelphia,PA,19121,theater,fulldata_157,"1853, 1865; Stephen D. Button",1853;1865,40.010581,-75.150898,Stephen D. Button,https://cpcrs.upenn.edu/sites/default/files/styles/large_image_slider/public/2021-03/Screen%20Shot%202021-03-10%20at%201.13.28%20PM_0.png?itok=Y4Ks6WNY,,image/jpeg
St. Paul Baptist Church / First Reformed Church Building,North,1000 Wallace St.,Philadelphia,PA,19123,church,fulldata_158,"before 1888; alterations, 1916, 1920, 1929, Stuckert & Co.",1888;1916;1920;1929,39.963493,-75.217236,Stuckert & Co.,,,
Berean Presbyterian Church Site / Berean Institute,North,1906-1926 S. College Ave.,Philadelphia,PA,19121,church,fulldata_159,"1884; 1888, T. P. Chandler",1884; 1888,39.9399634,-75.1647782,T. P. Chandler,"https://www.philadelphiabuildings.org/pab/iiif.cfm/23AF4F02-1422-7865-6BE172D7DF848E48/full/!600,600/0/default.jpg",,image/jpeg
Berean Presbyterian Church / Bethlehem Presbyterian Church,North,2101 N. Broad St.,Philadelphia,PA,19122,church,fulldata_160,"1888, T. P. Chandler; alterations, 1909, 1910, 1915, J. Franklin Stuckert",1888;1909;1910;1915,39.9444019,-75.1787656,T. P. Chandler;J. Franklin Stuckert,,,
Universal Negro Improvement Association (UNIA),North,1609-11 Cecil B. Moore Ave.,Philadelphia,PA,19121,,fulldata_161,"ca. 1894, Thomas Lonsdale",1894,39.979375,-75.161489,Thomas Lonsdale,https://digital.library.temple.edu/digital/api/singleitem/image/p15037coll3/12037/default.jpg?highlightTerms=Universal%20Negro%20Improvement%20Association,,image/jpeg
Girard College,North,2101 S. College Ave.,Philadelphia,PA,19121,school,fulldata_162,"1833, Thomas Ustick Walter; 1968",1833,39.972627,-75.173802,Thomas Ustick Walter,https://media.phillyvoice.com/media/images/01-083115_GirardCollege_Carroll.2e16d0ba.fill-735x490.jpg,,image/jpeg
Union A.M.E. Church / Hedding M. E. Church / Calvary Baptist Church,North,655 N. 16th St.,Philadelphia,PA,19130,church,fulldata_163,"before 1859; alterations, 1902, Watson & Huckel; alterations, 1906, C. Davis",1859;1902;1906,39.966666,-75.163569,Watson & Huckel;C. Davis,https://digital.librarycompany.org/islandora/object/digitool:97025/datastream/JPG/view,,image/jpeg
Unity Mission / Charles T. Ellis House,North,1430 N. Broad St.,Philadelphia,PA,19121,dwelling,fulldata_164,"ca. 1891, William Decker",1891,39.975493,-75.15912,William Decker,https://hiddencityphila.org/wp-content/uploads/2023/05/P.A.B-Widener-Mansion.jpeg,,image/jpeg
Metropolitan Opera House,North,848-860 N. Broad St.,Philadelphia,PA,19130,opera house; church,fulldata_165,"1908, William McElfatrick",1908,40.010581,-75.150898,William McElfatrick,http://www.philaplace.org/media/philaplace/images/5/5/91592_ca_object_representations_media_5533_hsp4.jpg,,image/jpeg
Shibe Park / Connie Mack Stadium,North,2701 N. 21st St.,Philadelphia,PA,19132,stadium,fulldata_166,"1908-1909, William Steele & Sons Co.; numerous alterations; demolished 1976",1908;1909;1976,39.983256,-75.168608,William Steele & Sons Co.,https://upload.wikimedia.org/wikipedia/commons/thumb/9/9e/Grand_Stand_Entrance_of_Shibe_Park.jpg/440px-Grand_Stand_Entrance_of_Shibe_Park.jpg,,image/jpeg
Divine Lorraine Hotel,North,699 N. Broad St.,Philadelphia,PA,19123,hotel; apartment building,fulldata_167,"1894, Willis G. Hale",1894,37.801124,-122.428063,Willis G. Hale,https://convene.com/wp-content/uploads/2018/09/historic-lorraine-hotel.jpg,,image/jpeg
Antioch Baptist Church,North,1625 W. Thompson St.,Philadelphia,PA,19121,church,fulldata_168,,,39.9520345,-75.1454129,,,,
Aspiranto Health Home,North,2104 W. Jefferson St.,Philadelphia,PA,19121,clinic; dwelling,fulldata_169,,,41.9462284,-87.7397123,,,,
Baker Bowl,North,N. Broad and W. Lehigh Ave.,Philadelphia,PA,19132,stadium,fulldata_170,1887; demolished 1950,1887; 1950,39.9526248,-75.1569986,,https://www.baseball-almanac.com/images/Baker_Bowl_postcard.jpg,,image/jpeg
Berean Baptist Church #2,North,2425 W. Indiana Ave.,Philadelphia,PA,19132,church,fulldata_171,,,39.9848773,-75.1560802,,,,
Black Panthers Headquarters,North,1928 Cecil B. Moore Ave.,Philadelphia,PA,19121,,fulldata_172,,,39.9444141,-75.1656692,,https://images.squarespace-cdn.com/content/v1/57cf18ae6b8f5ba693497e1a/1477071113564-EVO9T7SNVSHGKBO1DDQD/image-asset.jpeg?format=2500w,,image/jpeg
Cyrus Bustill House,North,near 3rd and Green Sts.,Philadelphia,PA,19123,dwelling,fulldata_173,,,33.2194596,-117.232534,,https://www.hmdb.org/Photos/19/Photo19214.jpg,,image/jpeg
David Bustill Bowser House,North,841 N. 4th St.,Philadelphia,PA,19123,dwelling,fulldata_174,,,40.0420208,-75.1803247,,https://upload.wikimedia.org/wikipedia/commons/thumb/4/4a/David_Bustill_Bowser.png/220px-David_Bustill_Bowser.png,"By Unknown author - Pennsylvania Heritage magazine, Winter 2001, vol.XXVII, no. 1. https://archive.org/stream/artisxxxxxxxxblinc#page/n75/mode/2up, Public Domain, https://commons.wikimedia.org/w/index.php?curid=61220599",image/jpeg
Ebenezer Baptist Church Site #1,North,1330 Mt. Vernon St.,Philadelphia,PA,19123,church,fulldata_175,,,39.990821,-75.168428,,,,
Ebenezer Baptist Church Site #2,North,1248 N. 12th St.,Philadelphia,PA,19122,church,fulldata_176,,,39.972633,-75.155743,,,,
Ebenezer Don Carlos Bassett House,North,2121 N. 29th St.,Philadelphia,PA,19121,dwelling,fulldata_177,,,39.988316,-75.180225,,https://www.ccsu.edu/sites/default/files/styles/coh_x_small/public/images/EB2.jpg,,image/jpeg
Emmanuel A.M.E. Church / Temple A.M.E. Church / Trinity A.M.E. Church,North,2416-2418 W. York Ave.,Philadelphia,PA,19132,church,fulldata_178,,,39.990821,-75.168428,,,,
Fair Hill Burial Ground,North,2901 Germantown Ave.,Philadelphia,PA,19133,cemetery,fulldata_179,1842,1842,39.99678,-75.146065,,https://en.wikipedia.org/wiki/Fair_Hill_Burial_Ground#/media/File:Fair_Hill_Philly.JPG,,image/jpeg
Fellowship House,North,1431 Brown St.,Philadelphia,PA,19130,,fulldata_180,,,39.968212,-75.161499,,,,
Fifth Baptist Church / Highway Tabernacle,North,1801 Spring Garden St.,Philadelphia,PA,19130,church,fulldata_181,1859-1864,1859;1864,39.963635,-75.167972,,,,
First African Baptist Church Site #1,North,1029-1033 Pearl St.,Philadelphia,PA,19107,church,fulldata_182,,,39.968037,-75.248247,,,,
Grace A.M.E. Zion Church Site,North,1004 W. Montgomery Ave.,Philadelphia,PA,19122,church,fulldata_183,,,39.98111,-75.249147,,,,
Gratz High (Roy Campanella),North,1798 W. Hunting Park Ave.,Philadelphia,PA,19140,,fulldata_184,"ca. 1927; addition, 1967",1927;1967,40.008475,-75.170125,,,,
Haven Memorial Church,North,2301-2311 W. Oxford St.,Philadelphia,PA,19121,church,fulldata_185,ca. late 1950s - early 1960s,1950s;1960s,39.980214,-75.241242,,,,
Haven Mission Church Site #1,North,1511 N. 26th St.,Philadelphia,PA,19121,church,fulldata_186,before 1887,1887,39.979006,-75.177346,,,,
Heard Church,North,10th and York Ave.,Philadelphia,PA,19133,church,fulldata_187,,,39.990821,-75.168428,,,,
Henry Ossawa Tanner House,North,2908 W. Diamond St.,Philadelphia,PA,19121,dwelling,fulldata_188,ca. 1871,1871,39.987156,-75.175417,,,,
Holsey C.M.E. Church Site,North,near Hunting Park Ave. and Broad St.,Philadelphia,PA,19140,church,fulldata_189,,,39.990821,-75.168428,,,,
Holy Tabernacle Church,North,1608-1610 W. Thompson St.,Philadelphia,PA,19121,church,fulldata_190,ca. 1918,1918,39.97151,-75.145641,,,,
James Bland House,North,1012 Wood St.,Philadelphia,PA,19107,dwelling,fulldata_191,,,39.959757,-75.16965,,,,
Jessie Redmon Fauset House,North,1853 N. 17th St.,Philadelphia,PA,19121,dwelling,fulldata_192,ca. 1885,1885,39.982106,-75.161803,,https://media.newyorker.com/photos/59097e3bc14b3c606c10999a/master/pass/Jerkins-TheForgottenWorkofJessieRedmonFauset.jpg,,image/jpeg
Joe Frazier Gym,North,2917 N. Broad St.,Philadelphia,PA,19132,gym,fulldata_193,,,39.997172,-75.15354,,,,
John W. Coltrane House,North,1511 N. 33rd St.,Philadelphia,PA,19121,dwelling,fulldata_194,1895,1895,39.980283,-75.188424,,https://upload.wikimedia.org/wikipedia/commons/thumb/7/73/ColtraneH.jpg/500px-ColtraneH.jpg,"By https://www.loc.gov/pictures/item/pa3863.photos.381323p, Public Domain, https://commons.wikimedia.org/w/index.php?curid=34382696",image/jpeg
Joseph Singerly School / Douglass-Singerly School,North,2118 W. Norris St.,Philadelphia,PA,19121,school,fulldata_195,"1891; annex building, 1938; original building destroyed by fire in 1962",1891;1938;1962,39.984084,-75.16966,,,,
"Kappa Alpha Psi Fraternity, Inc. Headquarters",North,2322 N. Broad St.,Philadelphia,PA,19132,fraternity,fulldata_196,,,40.010581,-75.150898,,,,
Little Hope Church,North,16th and Parrish Sts.,Philadelphia,PA,19130,church,fulldata_197,,,39.990821,-75.168428,,,,
Midvale Steel Works,North,Roberts Ave. and Wissahickon Ave.,Philadelphia,PA,19144,factory,fulldata_198,,,39.990821,-75.168428,,,,
Miller Memorial Baptist Church / Enon Baptist Church / Second Shiloh Baptist Church,North,1433 N. 21st St.,Philadelphia,PA,19121,church,fulldata_199,ca. 1907,1907,39.976905,-75.169776,,,,
Morris Brown Mission A.M.E. Church / First Immanuel Baptist Church,North,2434-2438 Ridge Ave.,Philadelphia,PA,19121,church,fulldata_200,,,39.96086,-75.156768,,,,
Mother Catherine Church,North,Broad St. and Fairmount,Philadelphia,PA,19130,church,fulldata_201,,,39.972131,-75.159511,,,,
Mount Nebo A.M.E. Church / Mount Calvary Baptist Church,North,1018 W. York Ave.,Philadelphia,PA,19133,church,fulldata_202,,,39.990821,-75.168428,,,,
Mount Tabor Church,North,1315 W. Master St.,Philadelphia,PA,19122,church,fulldata_203,,,39.974767,-75.160975,,,,
Negro People's Theater of Philadelphia,North,311 N. 16th St.,Philadelphia,PA,19102,,fulldata_204,,,40.042469,-75.146943,,,,
Negro Trade Union Leadership Council,North,2825 N. Broad St.,Philadelphia,PA,19132,,fulldata_205,,,39.99627,-75.153677,,,,
Opportunities Industrialization Centers (OIC),North,19th and Oxford Sts.,Philadelphia,PA,19121,,fulldata_206,,,39.990821,-75.168428,,,,
Pearl Bailey House,North,1946 N. 23rd St.,Philadelphia,PA,19121,dwelling,fulldata_207,ca. 1884-1886,1884;1886,39.984933,-75.1718,,https://phillyjazzblog.files.wordpress.com/2015/03/pearl-bailey-house-1.jpg?w=474,,image/jpeg
Pearl Theater,North,2047-59 Ridge Ave.,Philadelphia,PA,19121,theater,fulldata_208,1927,1927,39.96086,-75.156768,,,,
Philadelphia Doll Museum,North,2253 N. Broad St.,Philadelphia,PA,19132,museum,fulldata_209,,,39.987654,-75.155433,,,,
Prince Hall Grand Lodge of Pennsylvania (Masonic Hall),North,4301 N. Broad St.,Philadelphia,PA,19140,masonic building,fulldata_210,,,40.019062,-75.148224,,,,
Public Markets,North,Callowhill St.,Philadelphia,PA,,market,fulldata_211,,,39.958216,-75.151223,,,,
Public Markets,North,Spring Garden St.,Philadelphia,PA,,market,fulldata_212,,,39.961957,-75.159589,,,,
Pyramid Club,North,1517 W. Girard Ave.,Philadelphia,PA,19130,,fulldata_213,,,39.972087,-75.161801,,,,
Raymond Pace Alexander / Cecil B. Moore House,North,1708 Jefferson St.,Philadelphia,PA,19121,dwelling,fulldata_214,ca. 1885,1885,39.976369,-75.164041,,,,
Roberts Vaux School,North,1100 block of Wood St.,Philadelphia,PA,19107,school,fulldata_215,,,39.990821,-75.168428,,,,
Second Baptist Church of Nicetown / Mt. Carmel M. E. Church,North,3837 Germantown Ave.,Philadelphia,PA,19140,church,fulldata_216,,,40.011952,-75.151523,,,,
Sister Rosetta Tharpe House,North,1102 W. Master St.,Philadelphia,PA,19122,dwelling,fulldata_217,ca. 1951-1952,1951;1952,39.974767,-75.160975,,,,
St. Augustine Mission,North,"transitory locations, 2109 N. Broad St., Thompson above 16th, Co",Philadelphia,PA,,church,fulldata_218,,,39.990821,-75.168428,,,,
Union Mission A.M.E. Church Site,North,444 Fairmount Ave.,Philadelphia,PA,19123,church,fulldata_219,,,39.96279,-75.146214,,,,
Unity Mission Bible Institute,North,1530 N. 16th St.,Philadelphia,PA,19121,dwelling,fulldata_220,ca. 1876-1883,1876;1883,39.977376,-75.16191,,,,
Walters Memorial Church,North,N. 10th St. above Girard Ave.,Philadelphia,PA,19122,church,fulldata_221,,,39.990821,-75.168428,,,,
Wayland Church Site #1,North,680 N. Broad St.,Philadelphia,PA,19130,church,fulldata_222,,,39.966622,-75.160858,,,,
Wayland Church Site #2,North,23rd and W. Jefferson Sts.,Philadelphia,PA,19121,church,fulldata_223,,,39.990821,-75.168428,,,,
Wharton Centre,North,1704-1712 N. 22nd St.,Philadelphia,PA,19121,settlement house,fulldata_224,,,39.969626,-75.173848,,,,
York Street Baptist Church,North,York at 28th St.,Philadelphia,PA,19132,church,fulldata_225,,,39.996262,-75.170855,,,,
Zion Baptist Church Building #1 / Bethany A.M.E. Church,North,1525-1529 Brandywine St.,Philadelphia,PA,19130,church,fulldata_226,ca. 1887,1887,39.962747,-75.160234,,,,
Zion Baptist Church Site,North,658-664 N. 13th St.,Philadelphia,PA,19123,church,fulldata_227,,,40.041745,-75.141887,,,,
Zoar Methodist Church Site,North,409 Brown St.,Philadelphia,PA,19123,church,fulldata_228,,,39.964018,-75.144913,,https://encrypted-tbn0.gstatic.com/images?q=tbn:ANd9GcRC3-IFz85M-EMTeWkvu4VNtOXDyCjiv3GZnYs3Hz1f62Q1rqjUnQQshUKgWfUGoI3LPvA&usqp=CAU,,image/jpeg
Bethany A.M.E. Church,Northeast,8820 Ashton Rd.,Philadelphia,PA,19136,church,fulldata_229,"early 19th century; Elias Chase, builder",1900s,40.0421776,-75.1795724,"Elias Chase, builder",https://i0.wp.com/billypenn.com/wp-content/uploads/2024/01/01-12-2024-k-paynter-mother-bethel-ame-2-scaled.jpg,,image/jpeg
Beneficial Savings Bank (Kensington Branch),Northeast,826 E. Allegheny Ave.,Philadelphia,PA,19134,bank,fulldata_230,"ca. 1923, Horace Trumbauer (Julian Abele)",1923,29.5792378,-95.7660489,Horace Trumbauer (Julian Abele),,,
Episcopal Hospital / Temple University Hospital Episcopal Campus,Northeast,100 E. Lehigh Ave.,Philadelphia,PA,19125,hospital,fulldata_231,"ca. 1933, Horace Trumbauer (Julian Abele)",1933,39.989821,-75.129209,Horace Trumbauer (Julian Abele),,,
James Grady House,Northeast,4615 Aubrey St.,Philadelphia,PA,19114,dwelling,fulldata_232,"ca. 1948, James Plater",1948,39.990821,-75.168428,James Plater,,,
Wilmot Public School,Northeast,1734 Meadow St.,Philadelphia,PA,19124,school,fulldata_233,"1874, Lewis Esler",1874,40.014491,-75.081739,Lewis Esler,,,
Greenbelt Knoll,Northeast,Longford St. and Holme Ave.,Philadelphia,PA,19136,housing development,fulldata_234,"1956, Montgomery & Bishop",1956,39.990821,-75.168428,Montgomery & Bishop,,,
Mount Zion Baptist Church Building,Northeast,8101 Erdrick St.,Philadelphia,PA,19136,church,fulldata_235,"1923, Neely & Martin; 1972, architect unknown",1923;1972,40.040946,-75.02443,Neely & Martin;,,,
Second Baptist Church (Frankford),Northeast,1801 Meadow St.,Philadelphia,PA,19124,church,fulldata_236,"ca. 1910; enlarged in 1923, William L. Charr",1910;1923,40.013654,-75.080048,William L. Charr,,,
Campbell A.M.E. Church / African M.E. Church of Frankford,Northeast,1651-1661 Kinsey St.,Philadelphia,PA,19124,church,fulldata_237,1870,1870,39.946373,-75.177744,,,,
Disney A.M.E. Church,Northeast,Collins St. at E. Westmoreland St.,Philadelphia,PA,19134,church,fulldata_238,,,39.944679,-75.1653428,,,,
Mount Zion Baptist Church Site,Northeast,Rowland Ave. near Welsh Rd. (precise location undetermined),Philadelphia,PA,19136,church,fulldata_239,,,39.990821,-75.168428,,,,
Robert Purvis Estate,Northeast,Byberry and Thornton Roads,Philadelphia,PA,19154,dwelling,fulldata_240,ca. 1770,1770,39.990821,-75.168428,,,,
St. Thomas Methodist Church (Frankford),Northeast,4701 Tackawanna St.,Philadelphia,PA,19124,church,fulldata_241,ca. 1910,1910,40.013822,-75.078048,,,,
Trinity A.M.E. Zion Church Site,Northeast,4712 Duffield St.,Philadelphia,PA,19124,church,fulldata_242,,,40.015676,-75.080909,,,,
St. Catherine of Sienna,Northwest,438-444 W. Penn St.,Philadelphia,PA,19144,church,fulldata_243,"ca. 1915, C. Cummiskey",1915,40.017135,-75.186643,C. Cummiskey,,,
Janes Methodist Church Building,Northwest,47-51 E. Haines St.,Philadelphia,PA,19144,church,fulldata_244,"1928, Charles Parker",1928,40.03953,-75.176116,Charles Parker,https://s3.amazonaws.com/Website_UMCom/FACImages/FAC79116.jpg,,image/jpeg
Enon Tabernacle Baptist Church Building,Northwest,230 W. Coulter St.,Philadelphia,PA,19144,church,fulldata_245,"1914, Charles Wilson",1914,40.028369,-75.17521,Charles Wilson,,,
Mount Zion Baptist Church of Germantown,Northwest,41 W. Rittenhouse St.,Philadelphia,PA,19144,church,fulldata_246,"1894, David S. Gendell",1894,40.035435,-75.17882,David S. Gendell,,,
Germantown Historical Society / Fromberger House,Northwest,5501-5505 Germantown Ave.,Philadelphia,PA,19144,dwelling; young women's christian association; church; office building,fulldata_247,"ca. 1795-96; enlarged 1917; renovated after fire, 1930; rehabbed, 1952-54, G. Edwin",1795;1796;1917;1930; 1952;1954,39.973054,-75.141599,G. Edwin,https://www.phillyhistory.org/PhotoArchive/MediaStream.ashx?mediaId=136981,,image/jpeg
Northern Home for Children,Northwest,5301 Ridge Ave.,Philadelphia,PA,19128,,fulldata_248,"alterations, 1927, Horace Trumbauer (Julian Abele)",1927,40.021044,-75.208578,Horace Trumbauer (Julian Abele),https://upload.wikimedia.org/wikipedia/commons/2/28/Northern_Home_for_Friendless_Children_%2819110485718%29.jpg,,image/jpeg
Grace Baptist Church Building #1,Northwest,34-36 E. Sharpnack St.,Philadelphia,PA,19119,church,fulldata_249,"1908, Jacob Naschold",1908,40.049813,-75.183061,Jacob Naschold,https://upload.wikimedia.org/wikipedia/commons/thumb/f/ff/Baptist_temple_postcard.jpg/440px-Baptist_temple_postcard.jpg,,image/jpeg
Coulter Street School site / Daniel L. Keyser School / Wissahickon Boys and Girls Club,Northwest,328 W. Coulter St.,Philadelphia,PA,19144,school,fulldata_250,"ca. 1887-1899, Joseph Anshutz",1887;1899,39.993189,-75.106902,Joseph Anshutz,,,
Galilee Baptist Church Building,Northwest,457 Roxborough Ave.,Philadelphia,PA,19128,church,fulldata_251,"1900, Kennedy & Kelsey",1900,40.028745,-75.213417,Kennedy & Kelsey,,,
Thomas Meehan Public School,Northwest,5347-5353 Pulaski Ave.,Philadelphia,PA,19144,school,fulldata_252,"1901, Lloyd Titus",1901,40.032722,-75.182942,Lloyd Titus,,,
Grace Baptist Church Building #2,Northwest,25 W. Johnson St.,Philadelphia,PA,19144,church,fulldata_253,"late 1960s, Mansell, McGettigan & Fugate",1960s,40.037799,-75.190539,"Mansell, McGettigan & Fugate",,,
Canaan Baptist Church Building / West Side Presbyterian Church Building,Northwest,5430 Pulaski Ave.,Philadelphia,PA,19144,church,fulldata_254,"1891, Mantle Fielding",1891,39.822719,-84.8706574,Mantle Fielding,https://bloximages.chicago2.vip.townnews.com/phillytrib.com/content/tncms/assets/v3/editorial/d/22/d22f535b-4d54-530a-8a04-db5bc59d4b91/5aecb5e9c8a58.image.jpg,,image/jpeg
Janes Methodist Church Building,Northwest,528 E. Haines St.,Philadelphia,PA,19144,church,fulldata_255,"ca. 1898 or 1911, Rankin and Kellogg",1898;1911,40.04493,-75.169789,Rankin and Kellogg,,,
Germantown YMCA,Northwest,5722 Greene St.,Philadelphia,PA,19144,young men's Christian association,fulldata_256,"1928, Thomas, Martin & Kirkpatrick",1928,40.034007,-75.177817,"Thomas, Martin & Kirkpatrick",https://bpldcassets.blob.core.windows.net/derivatives/images/commonwealth:44558z74k/image_access_800.jpg,,image/jpeg
Bethel A.M.E. Church (Germantown) Building #2 / Rialto Theater Building / Tulpehocken Theater Building,Northwest,6153 Germantown Ave.,Philadelphia,PA,19144,church,fulldata_257,"1914, architect unknown; alterations, William H. Lee, c. 1936; alterations c.1976",1914;1936;1976,39.943066,-75.151993,William H. Lee,,,
Aces Museum,Northwest,5801-5803 Germantown Ave.,Philadelphia,PA,19144,museum; USO,fulldata_258,ca. 1900; alterations 1950,1900;1950,40.03695,-75.1755599,,,,
Bethel A.M.E. Church (Germantown) Building #1 / Mt. Vernon Baptist Church,Northwest,460 E. Rittenhouse St.,Philadelphia,PA,19144,church,fulldata_259,1893,1893,39.962929,-75.204126,,,,
C. Delores Tucker House,Northwest,6700 Lincoln Dr.,Philadelphia,PA,19119,dwelling,fulldata_260,,,39.943066,-75.151993,,,,
Canaan Baptist Church Site,Northwest,524 E. Haines St.,Philadelphia,PA,19144,church,fulldata_261,,,39.9434292,-75.1563819,,,,
Cliveden,Northwest,6401 Germantown Ave.,Philadelphia,PA,19119,dwelling; museum,fulldata_262,"1763, 1764",1763;1764,41.662912,-72.782406,,http://www.phillyhistory.org/PhotoArchive/MediaStream.ashx?SC=2&ImageId=104893,,image/jpeg
Douglass House Site,Northwest,6200 Germantown Ave.,Philadelphia,PA,19144,dwelling,fulldata_263,,,39.9517171,-75.1583039,,,,
Dr. William H. Warrick House and Office,Northwest,31 or 41 W. Harvey St.,Philadelphia,PA,19144,dwelling; office,fulldata_264,,,39.9867782,-75.1487463,,,,
Enon Tabernacle Baptist Church Site,Northwest,5 W. Coulter St.,Philadelphia,PA,19144,church,fulldata_265,,,40.028615,-75.175241,,,,
First Protest Against Slavery / Kunder House,Northwest,5109 Germantown Ave.,Philadelphia,PA,19144,dwelling,fulldata_266,,,39.973054,-75.141599,,https://www.hmdb.org/Photos1/170/Photo170532.jpg,,image/jpeg
Florence Crittenton Home / Youth Service Inc. / Crittenton Family Support Center,Northwest,6325 Burbridge Street,Philadelphia,PA,19144,,fulldata_267,,,40.040523,-75.184822,,,,
George W. Deane Real Estate Office,Northwest,5914 Germantown Ave.,Philadelphia,PA,19144,office building,fulldata_268,,,40.037991,-75.176972,,,,
Germantown Free Kindergarten,Northwest,Pulaski Ave. and W. Queen Lane,Philadelphia,PA,19144,school,fulldata_269,,,39.990821,-75.168428,,,,
Germantown Industrial School for Colored Women,Northwest,30 Armat St.,Philadelphia,PA,19144,school,fulldata_270,,,39.990821,-75.168428,,,,
Germantown Mennonite Meetinghouse,Northwest,6133 Germantown Ave.,Philadelphia,PA,19144,meetinghouse,fulldata_271,1770,1770,40.041639,-75.17927,,,,
Germantown Settlement,Northwest,48 E. Penn St.,Philadelphia,PA,19144,dwelling; settlement house,fulldata_272,ca. 1855,1855,40.033468,-75.167635,,,,
Germantown YWCA Branch for Colored Girls and Women,Northwest,6128 Germantown Ave.,Philadelphia,PA,19144,young women's Christian association,fulldata_273,ca. 1854,1854,40.040989,-75.180122,,,,
Holsey C.M.E. Church,Northwest,5305 Germantown Ave.,Philadelphia,PA,19144,church,fulldata_274,ca. 1969,1969,40.032917,-75.169346,,,,
Horn & Hardart,Northwest,Germantown Ave. and School House Lane,Philadelphia,PA,19144,restaurant,fulldata_275,,,39.990821,-75.168428,,,,
John Trower Catering Company,Northwest,5706 Germantown Ave.,Philadelphia,PA,19144,dwelling; store,fulldata_276,ca. 1870; alterations ca. 1978,1870;1978,40.035912,-75.17525,,,,
Johnson House,Northwest,6306 Germantown Ave.,Philadelphia,PA,19144,dwelling,fulldata_277,1768,1768,39.973054,-75.141599,,,,
Joseph E. Hill School,Northwest,110 W. Rittenhouse St.,Philadelphia,PA,19144,school,fulldata_278,,,40.035435,-75.17882,,,,
Josie D. Heard A.M.E. Church / Manayunk A.M.E. Church,Northwest,4321 Tower St.,Philadelphia,PA,19127,church,fulldata_279,,,40.027207,-75.220608,,,,
Louisa May Alcott House,Northwest,5425 Germantown Ave.,Philadelphia,PA,19144,dwelling,fulldata_280,,,39.973054,-75.141599,,,,
Mae V. Cowdery Family House,Northwest,222 W. Penn St.,Philadelphia,PA,19144,dwelling,fulldata_281,,,40.027957,-75.173862,,,,
Pelham District,Northwest,Pelham Rd. between Greene St. and Germantown Ave.,Philadelphia,PA,19144,,fulldata_282,,,39.990821,-75.168428,,,,
Peoples' Presbyterian Church,Northwest,W. Coulter St.,Philadelphia,PA,,church,fulldata_283,,,40.028615,-75.175241,,,,
"Potter's Field, Pulaski Town",Northwest,Pulaski Ave. and W. Queen Lane,Philadelphia,PA,19144,cemetery,fulldata_284,,,39.990821,-75.168428,,,,
Pulaski Town,Northwest,"Wayne Ave. to Morris St., Coulter St. to W. Queen Lane",Philadelphia,PA,19144,,fulldata_285,,,39.990821,-75.168428,,,,
Robert Clymer House Site / Germantown High School,Northwest,5819 Germantown Ave.,Philadelphia,PA,19144,school,fulldata_286,,,40.03744,-75.175764,,,,
Rock House,Northwest,E. Penn St.,Philadelphia,PA,19144,dwelling,fulldata_287,,,40.035873,-75.165532,,,,
Sadie T. M. Alexander House,Northwest,700 Westview St.,Philadelphia,PA,19119,dwelling,fulldata_288,,,40.050941,-75.187245,,https://penntoday.upenn.edu/sites/default/files/2022-05/stma-grad-vertical.jpg,,image/jpeg
St. Barnabas Mission / St. Barnabas Episcopal Church / Mt. Tabor Church,Northwest,62 W. Rittenhouse St.,Philadelphia,PA,19144,church,fulldata_289,1849,1849,40.036049,-75.177628,,,,
St. Luke's Episcopal Church,Northwest,5411-5421 Germantown Ave.,Philadelphia,PA,19144,church,fulldata_290,ca. 1875-1876; numerous alterations,1875;1876,39.973054,-75.141599,,,,
St. Magdalen's Asylum for Colored Girls and Women,Northwest,Penn St. and Chew Ave.,Philadelphia,PA,19138,,fulldata_291,,,39.990821,-75.168428,,,,
St. Mary's Mission for Colored People,Northwest,6138 Germantown Ave.,Philadelphia,PA,19144,school,fulldata_292,,,39.973054,-75.141599,,,,
Tioga Mission / Faith Presbyterian Church / Mt. Moriah Baptist Church,Northwest,5331-5335 Pulaski Ave.,Philadelphia,PA,19144,church,fulldata_293,1914,1914,40.032722,-75.182942,,,,
Walter C. Beckett Funeral Home,Northwest,216 Coulter St.,Philadelphia,PA,19144,funeral home,fulldata_294,,,39.990821,-75.168428,,,,
William Fisher Tavern / David Knight Barber Shop,Northwest,5827 Germantown Ave.,Philadelphia,PA,19144,tavern; barbershop,fulldata_295,,,40.037571,-75.175909,,,,
William Penn Charter School,Northwest,3000 W. School House Lane,Philadelphia,PA,19144,school,fulldata_296,,,40.023516,-75.187336,,,,
Wissahickon Boys Club,Northwest,Coulter St. and Pulaski Ave.,Philadelphia,PA,19144,,fulldata_297,,,39.990821,-75.168428,,,,
Bainbridge Club / Hotel Brotherhood USA,South,1523-1529 Bainbridge St.,Philadelphia,PA,19146,clubhouse,fulldata_298,"ca. 1919, A. Borzner",1919,39.9939785,-75.1545321,A. Borzner,https://storage.googleapis.com/clio-images/small_5319.5490.jpg,,image/jpeg
Gloria Dei Church / Old Swedes' Episcopal Church,South,916 S. Swanson St.,Philadelphia,PA,19147,church,fulldata_299,"1677-1698, Andrew Rudman; alterations, 1703-1705, ca. 1733, 1845; alterations, 1896, George Champlin Mason, Jr.",1677;1698;1703;1705;1733;1845;1896,39.916921,-75.146962,"Andrew Rudman;George Champlin Mason, Jr.",https://upload.wikimedia.org/wikipedia/commons/thumb/a/a5/Gloria_Dei_%28Church%29%2C_929_South_Water_Street%2C_Philadelphia%2C_Philadelphia_County%2C_PA_HABS_PA%2C51-PHILA%2C174-_%28sheet_3_of_10%29.png/664px-Gloria_Dei_%28Church%29%2C_929_South_Water_Street%2C_Philadelphia%2C_Philadelphia_County%2C_PA_HABS_PA%2C51-PHILA%2C174-_%28sheet_3_of_10%29.png,,image/jpeg
Elks Lodge,South,739-43 S. 16th St.,Philadelphia,PA,19146,,fulldata_300,"ca. 1928, C. Adams",1928,39.942034,-75.168896,C. Adams,https://upload.wikimedia.org/wikipedia/commons/4/4f/PhilaPaElksMagHotelAdvertize.jpg,,image/jpeg
Union Baptist Church Building #2,South,1910 Fitzwater St.,Philadelphia,PA,19146,church,fulldata_301,"1913, Charles Bolton & Son; alterations, 1926, Charles Bolton & Son",1913;1926,39.942723,-75.174563,Charles Bolton & Son;Charles Bolton & Son,,,
St. Charles Borromeo Church,South,1941 Christian St.,Philadelphia,PA,19146,church,fulldata_302,"1876, Edwin Forrest Durang",1876,39.941299,-75.175457,Edwin Forrest Durang,https://digital.librarycompany.org/islandora/object/digitool:97183/datastream/JPG/view,,image/jpeg
Holy Trinity Baptist Church,South,1818-1824 Bainbridge St.,Philadelphia,PA,19146,church,fulldata_303,"1900, Edwin Gilbert of Gilbert & Reid",1900,39.942257,-75.161512,Edwin Gilbert of Gilbert & Reid,https://sah-archipedia.org/sites/default/files/pictures/full/PA-02-PH82-001.jpg,,image/jpeg
YWCA - Southwest-Belmont Branch,South,1607-15 Catharine St.,Philadelphia,PA,19146,young women's Christian association,fulldata_304,"ca. 1922, Erskine, Morris",1922,39.936955,-75.142769,"Erskine, Morris",https://digital.library.temple.edu/customizations/global/pages/images/YWCA_Widescreen.jpg,,image/jpeg
Shiloh Baptist Church #3 / Church of the Holy Apostles,South,2040 Christian St.,Philadelphia,PA,19146,church,fulldata_305,"1868-1870, Fraser, Furness & Hewitt; alterations, 1890, George W. Hewitt",1868;1870;1890,39.941156,-75.17749,"Fraser, Furness & Hewitt;George W. Hewitt",https://www.hmdb.org/Photos3/342/Photo342272.jpg?1217201533300PM,,image/jpeg
Harrison Day Nursery,South,1839-1843 Ellsworth St.,Philadelphia,PA,19146,day care,fulldata_306,"1898, Furness, Evans and Co.",1898,39.933044,-75.146626,"Furness, Evans and Co.",,,
Zion A.M.E. Church,South,1600 S. 21st St.,Philadelphia,PA,19145,church,fulldata_307,"1925-1928, George E. Savage",1925;1928,39.931847,-75.180092,George E. Savage,,,
St. Martha's House / Houston Community Center,South,2029 S. 8th St.,Philadelphia,PA,19148,settlement house,fulldata_308,"ca. 1914, Hastings Brockie",1914,39.923225,-75.159555,Hastings Brockie,https://digital.librarycompany.org/islandora/object/digitool:97269/datastream/JPG/view,,image/jpeg
St. Mary Chapel Building,South,1831-1835 Bainbridge St.,Philadelphia,PA,19146,church,fulldata_309,"1897, Hazlehurst & Huckel",1897,39.942257,-75.161512,Hazlehurst & Huckel,,,
Varick Memorial Church Site,South,763 S. 19th St.,Philadelphia,PA,19146,church,fulldata_310,"1889, Hazlehurst & Huckel",1889,39.942029,-75.173852,Hazlehurst & Huckel,https://ruins.files.wordpress.com/2008/02/19th_catherine2.jpg?w=440&h=340,,image/jpeg
Friendship Baptist Church / 18th Street Baptist Church / 18th Street Methodist Episcopal Church,South,1730 Wharton St.,Philadelphia,PA,19146,church,fulldata_311,"1885-1888, J. Franklin Stuckert",1885;1888,39.934777,-75.173805,J. Franklin Stuckert,,,
Church of the Crucifixion Building and Parish House,South,620 S. 8th St.,Philadelphia,PA,19147,church,fulldata_312,"1883, Pursell & Fry; 1902, Isaac Pursell and Duhring, Okie & Ziegler",1883;1902,39.9449844,-75.1671013,Pursell & Fry; Isaac Pursell and Duhring;Okie & Ziegler,https://miro.medium.com/v2/resize:fit:501/1*w5efIgQVP2CuhjFWw3jBJg.png,,image/jpeg
Tasker Street Baptist Church / Metropolitan Baptist Church,South,2010 Tasker St.,Philadelphia,PA,19145,church,fulldata_313,"ca. 1900, S. Bythewood; alterations, 1928 and 1940, Richard R. Neely",1900;1928;1940,39.930982,-75.172246,S. Bythewood;Richard R. Neely,,,
First African Presbyterian Church / Tabor Chapel / St. Paul's German Reform Church / First Colored Wesley Methodist Church,South,1642 Fitzwater St.,Philadelphia,PA,19146,church,fulldata_314,"1857, Samuel Sloan",1857,39.942237,-75.170639,Samuel Sloan,https://phs-app-media.s3.amazonaws.com/s3fs-public/blog_posts/222.jpg,,image/jpeg
Union Baptist Building #1 / New Hope Temple Baptist Church,South,711-715 S. 12th St.,Philadelphia,PA,19147,church,fulldata_315,"1893, Thomas Bennett",1893,39.932836,-75.164046,Thomas Bennett,,,
Moyamensing Prison,South,10th and Reed Sts.,Philadelphia,PA,19147,prison,fulldata_316,"ca. 1832-1835, Thomas Ustick Walter; many alterations; demolished 1968",1832;1835;1968,39.990821,-75.168428,Thomas Ustick Walter,https://upload.wikimedia.org/wikipedia/commons/thumb/d/d6/Moyamensing_Prison%2C_c1840%2C_1848._%284700659588%29.jpg/500px-Moyamensing_Prison%2C_c1840%2C_1848._%284700659588%29.jpg,,image/jpeg
St. Simon the Cyrenian Church and Rectory,South,1401 S. 22nd St.,Philadelphia,PA,19146,church,fulldata_317,"1905 (rectory), 1913-1914, Thomas, Churchman & Molitor",1905;1913;1914,39.934379,-75.180644,"Thomas, Churchman & Molitor",https://i0.wp.com/philadelphiastudies.org/wp-content/uploads/2017/05/may2017part3-172.jpg?resize=625%2C507&ssl=1,,image/jpeg
First Penny Savings and Loan,South,2052 Bainbridge St.,Philadelphia,PA,19146,bank,fulldata_318,"ca. 1914, W. Haddock",1914,39.942257,-75.161512,W. Haddock,https://philadelphiaencyclopedia.org/wp-content/uploads/2017/07/Philadelphia-Saving-Fund-Society-Building-700-710-Walnut-Street-1886-768x387.jpg,,image/jpeg
First African Baptist Church Building,South,1600-1606 Christian St.,Philadelphia,PA,19146,church,fulldata_319,"1904, Watson & Huckel",1904,39.939942,-75.165555,Watson & Huckel,https://www.hmdb.org/Photos3/303/Photo303740.jpg?325201562300PM,,image/jpeg
Shiloh Baptist Church #1 / Murray Chapel / Mount Olive A.M.E. Church / Waters Memorial A.M.E. Church,South,609 S. Clifton St.,Philadelphia,PA,19147,church,fulldata_320,"ca. 1840; alterations, 1895, Wilson Brothers; alterations, 1921, C. Wilson; alterations, 1953",1840;1895;1921;1953,39.942645,-75.159714,Wilson Brothers;C. Wilson,,,
Alain Leroy Locke House,South,2221 S. 5th St.,Philadelphia,PA,19148,dwelling,fulldata_321,,,39.9206044,-75.1552563,,https://hiddencityphila.org/wp-content/uploads/2021/06/Alain-Locke-home-1.jpg,,image/jpeg
Allen A.M.E. Church Building #2 / First Church of the Covenanters Presbyterian Church / New Light Beulah Baptist Church,South,1701-1711 Bainbridge St.,Philadelphia,PA,19146,church,fulldata_322,ca. 1870,1870,39.9435585,-75.1707501,,,,
Bainbridge Street Methodist Church / Associated Presbyterian Church Site,South,1122-1128 Bainbridge St.,Philadelphia,PA,19147,church,fulldata_323,,,38.9766421,-77.0025789,,,,
Bessie Calhoun Bird House,South,22nd and Bainbridge Sts.,Philadelphia,PA,19146,dwelling,fulldata_324,,,40.0581637,-75.0273031,,,,
Bessie Smith House,South,1319 Christian St.,Philadelphia,PA,19147,dwelling,fulldata_325,,,40.042294,-75.170816,,,,
Bethsaida A.M.E. Zion Church,South,Bainbridge near 12th; 12th and Fitzwater,Philadelphia,PA,19147,church,fulldata_326,,,39.9796509,-75.166852,,,,
Bright Hope Baptist Church,South,2431 S. Alder St.,Philadelphia,PA,19148,church,fulldata_327,,,39.944679,-75.1653428,,,,
Christian Street YMCA,South,1724 Christian St.,Philadelphia,PA,19146,young men's Christian association,fulldata_328,ca. 1914; rebuilt 1969,1914;1969,44.9721788,-93.2639324,,https://aaregistry.org/wp-content/uploads/2009/09/YMCA_Christian-Street-c-1945_photo-by-John-W-Mosley.jpg,,image/jpeg
Church of God and Saints of Christ,South,Fitzwater near Broad St.,Philadelphia,PA,,church,fulldata_329,,,39.9441328,-75.178457,,,,
Church of the Lord Jesus Christ of the Apostolic Faith,South,701 S. 22nd St.,Philadelphia,PA,19146,church,fulldata_330,,,39.9752385,-75.1949505,,,,
Circle Mission Church / Divine Enterprises Headquarters,South,764-72 S. Broad St.,Philadelphia,PA,19146,church,fulldata_331,ca. 1897,1897,40.072287,-75.1584723,,,,
Clef Club of Philadelphia,South,738 S. Broad St.,Philadelphia,PA,19146,,fulldata_332,,,39.9652418,-75.2279652,,,,
Davis Chapel Building,South,1026 S. 22nd St.,Philadelphia,PA,19146,church,fulldata_333,,,40.0384412,-75.1787288,,,,
Eden Baptist Church,South,"Moyamensing Ave., near Sartain St.",Philadelphia,PA,19148,church,fulldata_334,,,39.990821,-75.168428,,,,
Eliza Turner,South,"Tasker, above 12th St.",Philadelphia,PA,,church,fulldata_335,,,39.990821,-75.168428,,,,
First African Presbyterian Church / Tabor Presbyterian Church site,South,1800-1806 Catharine St.,Philadelphia,PA,19146,church,fulldata_336,,,39.936955,-75.142769,,,,
First African Presbyterian Church Site #1,South,705-711 S. 7th St.,Philadelphia,PA,19147,church,fulldata_337,,,39.930818,-75.156423,,,,
Frances Ellen Watkins Harper House,South,1006 Bainbridge St.,Philadelphia,PA,19147,dwelling,fulldata_338,"1860, 1890",1860;1890,39.941859,-75.159426,,,,
Grace Church / First Reformed Presbyterian Church,South,1146 S. 19th St.,Philadelphia,PA,19146,church,fulldata_339,ca. 1875,1875,39.912433,-75.1798,,,,
Hope Presbyterian Church,South,1301-1307 S. 33rd St.,Philadelphia,PA,19146,church,fulldata_340,1887,1887,39.936591,-75.198215,,,,
Institute for Colored Youth,South,915 Bainbridge St.,Philadelphia,PA,19147,school,fulldata_341,ca. 1865-1866,1865;1866,39.942014,-75.15791,,https://moonstoneartscenter.org/wp-content/uploads/2015/09/image002.jpg,,image/jpeg
Jack and Jill of America,South,1605 Christian St.,Philadelphia,PA,19146,,fulldata_342,,,39.940682,-75.169737,,,,
James W. Queen Memorial Chapel,South,1309-1319 S. 33rd St.,Philadelphia,PA,19146,church,fulldata_343,,,39.936591,-75.198215,,,,
John Wesley Methodist Church Site #1,South,732 Bainbridge St.,Philadelphia,PA,19147,church,fulldata_344,,,39.942257,-75.161512,,,,
Julian F. Abele House,South,1515 Christian St.,Philadelphia,PA,19146,dwelling,fulldata_345,,,39.940565,-75.168718,,,,
Lebanon Cemetery,South,1800 W. Passyunk Ave.,Philadelphia,PA,19145,cemetery,fulldata_346,,,39.990821,-75.168428,,,,
Lincoln Day Nursery,South,1706 Bainbridge St.,Philadelphia,PA,19146,day care,fulldata_347,,,39.942257,-75.161512,,,,
Marian Anderson House,South,762 S. Martin St.,Philadelphia,PA,19146,dwelling; museum,fulldata_348,,,39.9424,-75.174771,,https://upload.wikimedia.org/wikipedia/commons/thumb/c/c3/M_Anderson_House_Philly.jpg/500px-M_Anderson_House_Philly.jpg,"By Smallbones - Own work, CC0, https://commons.wikimedia.org/w/index.php?curid=15434395",image/jpeg
Marian Anderson Recreation Center,South,744 S. 17th St.,Philadelphia,PA,19146,recreation center,fulldata_349,,,39.916512,-75.176366,,,,
Mercy Hospital - Site #1,South,17th and Fitzwater Sts.,Philadelphia,PA,19146,hospital,fulldata_350,,,39.942723,-75.174563,,https://hiddencityphila.org/wp-content/uploads/2020/10/mossell4.jpg,,image/jpeg
Metropolitan A.M.E. Zion Church,South,725 S. 20th St.,Philadelphia,PA,19146,church,fulldata_351,ca. 1861,1861,39.910375,-75.182639,,,,
Metropolitan A.M.E. Zion Church,South,15th and Christian Sts.,Philadelphia,PA,19146,church,fulldata_352,,,39.940539,-75.17218,,,,
Mount Moriah Baptist Church Site,South,1617-1619 Catharine St.,Philadelphia,PA,19146,church,fulldata_353,,,39.936955,-75.142769,,,,
Mount Zion A.M.E. Church,South,20th and Fitzwater Sts.,Philadelphia,PA,19146,church,fulldata_354,,,39.942723,-75.174563,,,,
Philadelphia Association for the Protection of Colored Women,South,1506-8 Catharine St.,Philadelphia,PA,19146,,fulldata_355,,,39.936955,-75.142769,,,,
Progressive Workingmen's Club,South,S. 11th St.,Philadelphia,PA,19147,,fulldata_356,,,39.90258,-75.169012,,,,
St. Mark Mission Church,South,S. 11th St. near Bainbridge St.,Philadelphia,PA,19147,church,fulldata_357,,,39.990821,-75.168428,,,,
St. Mary Church,South,938 S. 6th St.,Philadelphia,PA,19147,church,fulldata_358,,,39.949982,-75.150576,,,,
St. Paul Church,South,1738 Dickinson St.,Philadelphia,PA,19146,church,fulldata_359,,,39.932349,-75.174414,,,,
Thompson Mission Church,South,17th and Kater Sts.,Philadelphia,PA,19146,church,fulldata_360,,,39.990821,-75.168428,,,,
Tindley Temple United Methodist Church / Calvary Methodist Church,South,750-62 S. Broad St.,Philadelphia,PA,19146,church,fulldata_361,ca. 1924,1924,39.941355,-75.166428,,,,
"Union Local 274, American Federation of Musicians",South,912 S. Broad St.,Philadelphia,PA,19146,union,fulldata_362,,,39.93959,-75.166805,,,,
United House of Prayer for All People,South,742 S. 16th St.,Philadelphia,PA,19146,church,fulldata_363,ca. 1925,1925,39.912384,-75.175282,,,,
Women's Exchange and Girls' Home / Industrial Exchange Training School and Dormitory,South,756 S. 12th St.,Philadelphia,PA,19147,school; dormitory,fulldata_364,,,39.932836,-75.164046,,,,
Zion A.M.E. Church Site,South,1522-1524 S. 7th St.,Philadelphia,PA,19147,church,fulldata_365,,,39.930818,-75.156423,,,,
Dutrieuille Catering Site #2,West,4001 Spring Garden St.,Philadelphia,PA,19104,caterer,fulldata_366,"ca. 1888, A. Wade",1888,39.9176146,-75.1668377,A. Wade,,,
First African Presbyterian Church / Emmanuel Presbyterian Church,West,4159 W. Girard Ave.,Philadelphia,PA,19104,church,fulldata_367,"1912, Charles Bolton & Son",1912,39.973946,-75.209674,Charles Bolton & Son,,,
St. Matthew Church Building,West,215 N. 57th St.,Philadelphia,PA,19139,church,fulldata_368,"1940, Charles Bolton & Son",1940,39.964697,-75.233722,Charles Bolton & Son,,,
Bethel Baptist Church,West,4033-4037 Haverford Ave.,Philadelphia,PA,19104,church,fulldata_369,"1924, Clarence Caspary",1924,39.9413541,-75.1621808,Clarence Caspary,,,
Franklin Field,West,33rd and Spruce Streets,Philadelphia,PA,19104,stadium,fulldata_370,"1922, Day & Klauder",1922,39.990821,-75.168428,Day & Klauder,,,
St. Monica Mission Church Site,West,4206 Woodland Ave.,Philadelphia,PA,19104,church,fulldata_371,"1914-1916, Duhring, Okie and Ziegler",1914;1916,39.949464,-75.199983,"Duhring, Okie and Ziegler",https://i0.wp.com/philadelphiastudies.org/wp-content/uploads/2019/07/overbrook3-62.jpg?resize=625%2C508&ssl=1,,image/jpeg
Paul Leroy Robeson House,West,4951 Walnut St.,Philadelphia,PA,19139,dwelling,fulldata_372,"1911, E.A. Wilson; alterations, ca. 1959",1911;1959,39.956688,-75.221373,E.A. Wilson,https://www.paulrobesonhouse.org/wp-content/uploads/2017/06/robesonhousefrontfooter.jpg,,image/jpeg
African Episcopal Church of St. Thomas Site #3,West,6361 Lancaster Ave.,Philadelphia,PA,19151,church,fulldata_373,"1899, Frederick Mann; alterations, 1905, Baily & Bassett",1899;1905,39.9871825,-75.2510486,Frederick Mann;Baily & Bassett,https://upload.wikimedia.org/wikipedia/commons/thumb/3/30/African_Episcopal_Church_of_St._Thomas.jpg/440px-African_Episcopal_Church_of_St._Thomas.jpg,,image/jpeg
Allen A.M.E. Church Building #3 / Fourth Reformed Presbyterian Church Building,West,5901 Larchwood Ave.,Philadelphia,PA,19143,church,fulldata_374,"1917, George D. Savage",1917,39.9539121,-75.2406593,George D. Savage,https://i0.wp.com/rediscovering-black-history.blogs.archives.gov/wp-content/uploads/sites/15/2021/06/71997374-church-scaled.jpg?w=1370,,image/jpeg
Mount Pisgah A.M.E. Church / Centenary Methodist Church,West,428 N. 41st St.,Philadelphia,PA,19104,church,fulldata_375,"ca. 1860s-1880s; alterations, 1901, H. King; alterations, 1913, James Fernald; rebuilt after fire, 1944",1860s;1880s; 1901; 1913;1944,39.976197,-75.206385,H. King;James Fernald,https://www.blackpast.org/wp-content/uploads/Mt_Pisgah_African_Methodist_Episcopal_Church_Elsinboro_New_Jersey.jpg,,image/jpeg
Mount Carmel Baptist Church,West,5732 Race St.,Philadelphia,PA,19139,church,fulldata_376,"1915, Henry DeHoff; alterations, 1938, Charles Bolton & Sons; main sanctuary, post-World War II",1915;1938,39.964312,-75.235491,Henry DeHoff;Charles Bolton & Sons,,,
Clanerda Presbyterian Church,West,34th and Girard Sts.,Philadelphia,PA,19104,church,fulldata_377,"ca. 1912, Horace Trumbauer (Julian Abele)",1912,39.942743,-75.152895,Horace Trumbauer (Julian Abele),,,
Irvine Auditorium (University of Pennsylvania),West,3401 Spruce St.,Philadelphia,PA,19104,auditorium,fulldata_378,"ca. 1928, Horace Trumbauer (Julian Abele)",1928,39.950877,-75.19301,Horace Trumbauer (Julian Abele),https://spaceandevents.universitylife.upenn.edu/wp-content/uploads/2020/11/Irvine_-_Southeast_Entrance4_resize.jpg,,image/jpeg
Otto Eisenlohr House / President's House (University of Pennsylvania),West,3812 Walnut St.,Philadelphia,PA,19104,dwelling,fulldata_379,"ca. 1905, Horace Trumbauer (Julian Abele)",1905,39.949649,-75.16673,Horace Trumbauer (Julian Abele),https://stor.artstor.org/stor/bc6a1721-3cc0-4664-b7d7-7101d010b69c_size2,,image/jpeg
Zoological Society Building,West,34th and Girard Sts.,Philadelphia,PA,19104,,fulldata_380,"ca. 1912, Horace Trumbauer (Julian Abele)",1912,39.990821,-75.168428,Horace Trumbauer (Julian Abele),,,
Stephen Smith Home for the Aged and Infirmed,West,4400 W. Girard Ave.,Philadelphia,PA,19104,retirement home,fulldata_381,"ca. 1883, Hutton, Addison",1883,39.972816,-75.212586,"Hutton, Addison",https://coloredconventions.org/black-mobility/wp-content/uploads/sites/4/2018/10/Stephen-Smith-home-for-aged-and-infirm-colored-persons-e1539889228661.jpg,,image/jpeg
Overbrook High School (Wilt Chamberlain),West,5898 Lancaster Ave.,Philadelphia,PA,19131,school,fulldata_382,"1924, Irwin T. Catherine",1924,39.974485,-75.220917,Irwin T. Catherine,https://media.philly.com/images/20170519+1+Wilt+1955+Overbrook.jpeg,,image/jpeg
Star of Hope Baptist Church,West,443 N. 60th St.,Philadelphia,PA,19151,church,fulldata_383,"ca. 1962, James Plater",1962,39.969076,-75.239025,James Plater,,,
Tyree A.M.E. Church / 10th United Presbyterian Church,West,3800 Hamilton St.,Philadelphia,PA,19104,church,fulldata_384,"1886, Lawrence Valk",1886,39.961293,-75.19721,Lawrence Valk,,,
Pinn Memorial Baptist Church / Har Zion Synagogue,West,2251 N. 54th St.,Philadelphia,PA,19131,church,fulldata_385,"1922-1924, Leroy Rothschild; alterations and additions, 1940-1957, Silverman & Levey",1922;1924;1940;1957,39.993335,-75.233854,Leroy Rothschild;Silverman & Levey,https://www.harziontemple.org/wp-content/uploads/2017/11/large-History-Thumbnail.jpg,,image/jpeg
Lombard Central Presbyterian Church Building #2 / Friends Meeting House,West,4201 Powelton Ave.,Philadelphia,PA,19104,church,fulldata_386,"ca. 1875; alterations, 1903, Morris & Vaux",1875;1903,39.959156,-75.206639,Morris & Vaux,"https://www.philadelphiabuildings.org/pab/iiif.cfm/8DDE5991-1FEB-495A-BEE95622B769D66F/full/400,/0/default.jpg",,image/jpeg
Tyree A.M.E. Church (?) / Williams Chapel / Metropolitan Baptist Church / First United Baptist Church,West,3728-3730 Haverford Ave.,Philadelphia,PA,19104,church,fulldata_387,"before 1922; alterations as church, 1937, Richard Neely",1922;1937,39.968301,-75.23486,Richard Neely,,,
Monumental Baptist Church / First Reformed Church,West,4948 Locust St.,Philadelphia,PA,19139,church,fulldata_388,"1923-1925, Stuckert & Co.",1923;1925,39.955048,-75.221354,Stuckert & Co.,,,
"United Mission Church / Pennsylvania Railroad Branch, YMCA / Second Antioch Baptist Church",West,907 N. 41st St.,Philadelphia,PA,19104,church,fulldata_389,"1892, T. P. Lonsdale",1892,39.976197,-75.206385,T. P. Lonsdale,,,
White Rock Baptist Church / St. Matthew M.E. Church,West,5240-5244 Chestnut St.,Philadelphia,PA,19139,church,fulldata_390,"original church building, 1889-1890, T. P. Lonsdale; parish house, 1899, T. P. Lonsdale; substantial chapel addition, 1908, Wesl",1889;1890;1899;1908,39.957881,-75.220335,T. P. Lonsdale;T. P. Lonsdale;Wesl,,,
St. Michael and All Angels Chapel / Bethany Baptist Church / Victory Baptist Church,West,4238 Wallace St.,Philadelphia,PA,19104,church,fulldata_391,"1889, William Camac, project architect, in firm of Furness, Evans & Co.; alterations, 1920, John E. Bullock",1889;1920,39.963341,-75.20862,"William Camac;Furness, Evans & Co.;John E. Bullock",,,
African-American Baseball Fields,West,Belmont and Parkside Ave.,Philadelphia,PA,19104,,fulldata_392,,,39.9777836,-75.2134524,,,,
Arnett A.M.E. Church Site,West,1416 S. Hanson St.,Philadelphia,PA,19143,church,fulldata_393,,,39.953926,-75.18969,,,,
Asbury Methodist Episcopal Church,West,33rd and Chestnut Sts.,Philadelphia,PA,19104,church,fulldata_394,,,39.9510771,-75.1656073,,,,
Banneker School,West,7013 Woodland Ave.,Philadelphia,PA,19142,school,fulldata_395,,,39.9430211,-75.1521279,,,,
Barnes Argyrol Factory,West,40th and Filbert Sts.,Philadelphia,PA,19104,factory,fulldata_396,,,39.9963869,-75.114812,,,,
Berean Baptist Church #1,West,3838 Haverford Ave.,Philadelphia,PA,19104,church,fulldata_397,,,39.958343,-75.226207,,,,
Berean Building and Loan Association,West,5228 Chestnut St.,Philadelphia,PA,19139,bank,fulldata_398,,,40.5622315,-105.0769152,,,,
Black Oak Park / Malcolm X Memorial Park,West,5150 Pine St.,Philadelphia,PA,19143,park,fulldata_399,,,39.918934,-75.1642855,,,,
Calvary Baptist Church site,West,8600-8604 Erwig Ave.,Philadelphia,PA,19153,church,fulldata_400,,,40.0447827,-75.1701755,,,,
Clearview A.M.E. Church,West,79th and Eastwick,Philadelphia,PA,19153,church,fulldata_401,,,40.0267648,-75.1768366,,,,
Crystal Bird Fauset House,West,5403 Vine St.,Philadelphia,PA,19139,dwelling,fulldata_402,,,39.9666702,-75.160056,,https://www.phila.gov/media/20170308121227/Crystal-Bird-Fauset1-550x360.jpg,,image/jpeg
Divine Tracy Hotel,West,20 S. 36th St.,Philadelphia,PA,19104,hotel,fulldata_403,ca. 1920s,1920s,39.9514103,-75.1706011,,,,
Elmwood Mission Church / St. Paul A.M.E. Church site,West,86th and Eastwick Place,Philadelphia,PA,19153,church,fulldata_404,,,39.990821,-75.168428,,,,
Freedom Now Rally (Dr. Martin Luther King Jr.),West,Lancaster and Haverford Aves.,Philadelphia,PA,19104,,fulldata_405,,,39.963926,-75.19431,,https://collaborativehistory.gse.upenn.edu/sites/default/files/Freedom%20Now%20Rally.png,,image/jpeg
Hog Island,West,"along Delaware River, just below Ft. Mifflin",Philadelphia,PA,19153,,fulldata_406,,,39.621192,-75.577572,,,,
Holy Temple Church Building,West,6000 Callowhill St.,Philadelphia,PA,19151,church,fulldata_407,ca. 1920s-1930s,1920s;1930s,39.967919,-75.239849,,,,
Home for Destitute Colored Children,West,Berks and 54th Sts.,Philadelphia,PA,19131,,fulldata_408,,,39.990821,-75.168428,,,,
House of St. Michaels and All Angels,West,603-615 N. 43rd St.,Philadelphia,PA,19104,,fulldata_409,,,39.967817,-75.209777,,,,
"House of Umoja, Inc.",West,1401 N. Frazier St.,Philadelphia,PA,19131,dwelling,fulldata_410,,,39.975782,-75.234361,,,,
J. B. Reeve Memorial Church,West,4929 Aspen St.,Philadelphia,PA,19139,church,fulldata_411,ca. 1910-1930,1910;1930,39.965498,-75.2128,,,,
John Wesley Methodist Church Site #2,West,715 N. 46th St.,Philadelphia,PA,19104,church,fulldata_412,,,40.001164,-75.222472,,,,
John Wesley Methodist Church Site #3,West,Aspen near N. 42nd St.,Philadelphia,PA,19104,church,fulldata_413,,,39.990821,-75.168428,,,,
Laura Wheeler Waring House,West,756 N. 43rd St.,Philadelphia,PA,19104,dwelling,fulldata_414,,,39.966492,-75.209841,,,,
Macedonia Baptist Church,West,Paschall Ave.,Philadelphia,PA,19142,church,fulldata_415,,,39.916837,-75.243978,,,,
Mercy Hospital - Site #2,West,50th St. and Woodland Ave.,Philadelphia,PA,19143,hospital,fulldata_416,,,39.990821,-75.168428,,,,
Monumental Baptist Church / St. James Pentecostal Church,West,4101 Ludlow St.,Philadelphia,PA,19104,church,fulldata_417,"original building, 1846; substantial alterations, late 1870s",1846;1870s,39.956877,-75.204421,,,,
Mount Olivet Baptist Church Building,West,647 N. 42nd St.,Philadelphia,PA,19104,church,fulldata_418,ca. 1930s,1930s,39.963826,-75.206813,,,,
Mount Olivet Baptist Church Site,West,3608-3616 Powelton Ave.,Philadelphia,PA,19104,church,fulldata_419,,,39.959614,-75.196469,,,,
Mount Pisgah Church Site,West,4008 Locust St.,Philadelphia,PA,19104,church,fulldata_420,,,39.947559,-75.159255,,,,
MOVE site,West,6221 Osage Ave.,Philadelphia,PA,19143,,fulldata_421,,,39.955692,-75.24687,,https://collaborativehistory.gse.upenn.edu/sites/default/files/styles/large/public/AINRPZ201708000718.jpg?itok=7Av8bZ_R,Temple University Libraries,image/jpeg
Olive Cemetery,West,W. Girard Ave. and Merion,Philadelphia,PA,19131,cemetery,fulldata_422,ca. 1850,1850,39.990821,-75.168428,,,,
Philadelphia Greek Picnic,West,Fairmount Park,Philadelphia,PA,,festival,fulldata_423,n/a,,39.990821,-75.168428,,,,
Pillar & Ground of Truth Church,West,Haverford Ave. and 38th St.,Philadelphia,PA,19104,church,fulldata_424,,,39.990821,-75.168428,,,,
Pinn Memorial Baptist Church Site,West,possibly near 700 Holly St.,Philadelphia,PA,19104,church,fulldata_425,,,39.968498,-75.206868,,,,
Progressive Church,West,57th and Race Sts.,Philadelphia,PA,19139,church,fulldata_426,,,39.990821,-75.168428,,,,
Providence Baptist Church,West,37th at Filbert St.,Philadelphia,PA,19104,church,fulldata_427,,,39.990821,-75.168428,,,,
Shelter for Colored Orphans,West,44th and Haverford Ave.,Philadelphia,PA,19104,orphanage,fulldata_428,,,39.990821,-75.168428,,,,
St. Ignatius of Loyola Parish House and School,West,632-644 N. 43rd St.,Philadelphia,PA,19104,parish house; school,fulldata_429,1905,1905,39.967817,-75.209777,,,,
St. John A.M.E. Church Site,West,7207 Greenway Ave.,Philadelphia,PA,19142,church,fulldata_430,,,39.919384,-75.246302,,,,
St. John the Divine Church,West,57th at Race St.,Philadelphia,PA,19139,church,fulldata_431,,,39.990821,-75.168428,,,,
St. Matthew Church Site,West,5801 Vine St.,Philadelphia,PA,19139,church,fulldata_432,,,39.966983,-75.23667,,,,
St. Paul A.M.E. Church Building,West,8398 Lindbergh Blvd.,Philadelphia,PA,19153,church,fulldata_433,,,39.90232,-75.247538,,,,
Tabernacle Church,West,Island Ave.,Philadelphia,PA,,church,fulldata_434,,,39.90275,-75.239565,,,,
Underground Railroad Museum at Belmont Mansion / American Women's Heritage Society,West,2000 Belmont Mansion Dr.,Philadelphia,PA,19131,dwelling; museum,fulldata_435,"ca. 1742-1751; many additions and alterations, including ca. 1888 and 1905",1742;1751;1888;1905,39.985323,-75.213071,,https://www.philasun.com/wp-content/uploads/2016/02/diaspora_02-28-16b.jpg,,image/jpeg
Ward A.M.E. Church / 43rd St. Methodist Church,West,728 N. 43rd St.,Philadelphia,PA,19104,church,fulldata_436,before 1910,1910,39.965902,-75.209853,,,,
Ward A.M.E. Church Site,West,4601 Aspen St.,Philadelphia,PA,19139,church,fulldata_437,,,39.965498,-75.2128,,,,
White Rock Baptist Church Site,West,45th and Aspen Sts.,Philadelphia,PA,19104,church,fulldata_438,,,39.990821,-75.168428,,,,
Woodlands Cemetery,West,4000 Woodland Ave.,Philadelphia,PA,19104,cemetery,fulldata_439,ca. 1843; house ca. 1770-1790,1843; 1770;1790,39.949464,-75.199983,,,,